17794292856279851609;econom;studi;set;social;complex;dynam;aim;paper;spatial;growth;local;market;system;approach;estim;influenc;
4958787718050007739;social;econom;chang;urban;space;area;research;articl;spatial;use;exampl;french;citi;major;structur;residenti;segreg;centuri;new;complex;dimens;urban area;studi;differ;process;popul;accord;characterist;
5055459817108974341;network;citi;urban;growth;process;spatial;differ;scale;first;land;increas;second;mobil;space;aim;paper;index;estim;potenti;use;variabl;access;
12463448983821476271;concept;articl;question;term;area;other;order;use;differ;such;paper;specif;issu;understand;centuri;mani;author;geograph;new;world;
11792576881837976183;land;use;factor;level;european;nation;industri;urban;urban area;area;account;method;risk;region;scale;variou;simul;locat;order;case;place;larg;
3166843236192195663;hand;flood;other;urban;develop;area;order;citi;manag;implement;new;territori;same;time;mani;definit;oper;relev;articl;issu;system;approach;risk;network;analysi;
1058473769447027851;intern;project;public;result;spatial;global;point;new;geograph;studi;urban;
6875643103354769761;landscap;model;simul;use;such;possibl;local;build;measur;aim;articl;present;main;method;
16854521648128466127;spatial;data;interest;problem;structur;real;world;way;research;indic;geograph;paper;new;such;set;use;build;mani;oper;result;first;time;
9407645548124681383;object;research;studi;place;popul;differ;group;context;approach;natur;role;urban;environ;type;relationship;represent;way;space;interest;cultur;central;issu;question;scale;signific;observ;interact;aim;integr;segreg;
11907919065736255354;theori;new;specif;case;system;territori;natur;paper;urban;result;central;possibl;approach;concept;spatial;
12665385194263336167;zone;nation;polici;differ;area;same;paper;relationship;factor;geograph;approach;local;studi;effect;develop;unit;natur;manag;landscap;import;product;system;access;type;group;research;
12087860346099144998;work;definit;complex;system;way;interact;dynam;structur;more;part;model;process;mani;particular;paper;such;issu;environ;chang;mean;use;term;limit;variou;exampl;field;urban;theori;
2041939371197058669;
4526587437898028023;paper;estim;individu;citi;use;model;differ;result;studi;spatial;import;data;time;larg;gener;case;space;
4343051185325086504;paper;result;research;project;data;base;locat;potenti;product;
17780280227070073130;new;public;effect;real;chang;geographi;continu;articl;studi;citi;last;term;hand;part;geograph;other;town;space;level;
15388912047777281765;last;year;natur;import;place;way;mani;studi;process;global;estim;countri;use;aim;paper;present;risk;social;econom;approach;work;high;level;
3372645134836453568;statist;tool;analysi;spatial;variabl;sever;new;larg;access;segreg;scale;metropolitan;franc;base;map;signific;index;knowledg;import;
12441624726891572241;dynam;urban;system;histor;process;evolut;case;european;citi;use;data;base;map;first;gener;number;time;structur;second;trend;continu;transport;larg;town;spatial;popul;potenti;possibl;valu;interact;result;analysi;centuri;industri;distanc;term;space;
585118766076369621;process;european;central;countri;import;question;relationship;risk;other;term;integr;paper;global;potenti;evolut;econom;factor;geograph;level;group;model;studi;data;databas;distanc;approach;simul;differ;
9665056995793304960;state;first;problem;second;relev;polit;scientif;integr;
707506829189541681;paper;studi;represent;countri;complex;risk;use;analysi;variabl;way;structur;data;part;statist;result;econom;year;popul;group;place;other;set;point;indic;high;state;situat;
9538444262612777716;public;problem;implement;exist;inform;period;year;aim;studi;popul;data;use;activ;gener;mobil;same;function;second;measur;index;time;region;more;high;result;distribut;geographi;
9194321693009035484;result;work;accord;differ;
15230857821784878973;paper;relationship;urban;network;indic;mobil;characterist;household;french;studi;plan;transport;public;environ;landscap;origin;approach;use;statist;accord;context;form;build;
7784737012936716182;year;theori;practic;work;object;paper;term;level;concept;statist;measur;system;issu;map;framework;understand;possibl;base;main;use;tool;commun;
15636271386786249072;aim;studi;distanc;individu;more;work;place;increas;household;mobil;analysi;databas;geograph;inform;popul;group;model;effect;variabl;market;context;result;year;high;hous;citi;particular;structur;
11404432311337100930;countri;choic;econom;develop;product;market;result;indic;govern;more;increas;system;scientif;new;practic;tool;hand;
6426910147820667320;major;year;activ;object;paper;definit;zone;methodolog;surfac;process;possibl;area;method;result;term;space;territori;last;use;distribut;period;studi;other;system;
4903008498113087673;climat;pattern;complex;build;landscap;potenti;level;popul;first;import;area;process;unit;present;system;studi;understand;variou;
12539100468263149596;map;area;context;intern;project;main;studi;type;natur;methodolog;scale;field;geograph;inform;system;
12984475774204509669;such;other;european;countri;product;situat;polici;develop;larg;increas;potenti;implement;sever;import;project;europ;last;new;environ;world;valu;variou;local;landscap;complex;aim;case;
2896584018642031788;system;framework;tool;model;spatial;dynam;use;such;approach;object;geograph;level;account;articl;present;process;individu;other;
5738344954634745626;concept;new;local;exampl;urban;region;nation;intern;tool;commun;plan;level;global;question;
10650192400292721725;paper;popul;group;urban;transport;network;studi;spatial;social;access;distanc;
10899040762277524354;social;question;relat;product;polici;manag;practic;french;area;land;pattern;territori;work;new;way;research;use;sustain;
6911322190713225005;public;nation;geograph;articl;studi;geographi;use;concept;structur;pattern;way;present;other;place;
10025118775927327514;more;import;countri;plan;franc;knowledg;natur;origin;data;base;nation;state;environ;interest;zone;french;surfac;year;mani;territori;polit;databas;scientif;map;region;relat;local;exampl;larg;area;problem;process;main;system;product;differ;
4360750368511851729;articl;time;order;inform;first;model;indic;observ;natur;data;point;scientif;oper;tool;applic;place;complex;
16490708256886546367;environment;econom;area;tool;gener;way;natur;plan;land;manag;research;properti;citi;main;object;valu;accord;result;present;local;region;level;exist;use;part;
12951073203871283559;paper;concept;govern;territori;new;relev;plan;polici;sustain;develop;use;build;project;
10013142177137674789;last;year;simul;interest;geographi;mani;develop;model;complex;integr;data;same;time;use;articl;manag;space;sever;environ;type;continu;geograph;urban;
10834070490085610001;articl;system;other;land;use;plan;risk;manag;applic;natur;
13204902852985018088;databas;relev;data;individu;applic;market;geograph;research;gener;potenti;level;popul;analysi;scientif;
2541373373725179074;use;indic;sustain;pattern;urban;develop;framework;such;first;environment;analysi;form;system;new;model;issu;paper;mobil;gener;map;decis;set;object;geograph;role;differ;transport;work;year;research;
710708192862092304;relat;water;urban;space;develop;countri;paper;import;characterist;exampl;local;situat;social;spatial;
10305952464125075350;relationship;space;build;valu;place;definit;spatial;order;differ;context;group;individu;such;way;exampl;paper;public;author;econom;
6096114211561939571;risk;space;author;way;differ;social;articl;area;analysi;polit;characterist;tool;
8809117434454370081;model;residenti;mobil;function;household;term;hous;market;variabl;polici;major;access;spatial;account;last;type;chang;estim;object;articl;result;research;project;measur;method;decis;plan;
9259062558786036618;year;product;present;risk;network;data;work;aim;tool;factor;such;characterist;process;knowledg;effect;studi;role;method;use;imag;term;limit;possibl;
6786335618953713390;group;differ;citi;same;cultur;region;social;imag;origin;urban;land;use;spatial;area;integr;other;data;research;
735173153081046844;articl;databas;mobil;data;european;citi;other;popul;scale;sustain;urban;form;indic;transport;base;year;more;such;
11758991171622644047;emerg;applic;such;new;data;model;concept;account;specif;characterist;geograph;represent;dynam;spatial;object;paper;function;level;gener;differ;role;structur;urban;
8954984084845799585;articl;map;data;case;distribut;situat;relat;build;area;
13104512689362379449;work;relationship;environ;period;index;scale;increas;situat;import;number;
3779852770085058080;last;year;geograph;scale;polit;geographi;social;space;particular;way;import;role;cultur;econom;process;paper;studi;nation;world;differ;imag;understand;mean;unit;place;applic;use;signific;order;
10806819384588760285;scale;use;transport;french;analysi;develop;order;dynam;situat;other;european;model;set;
4477606721911064965;dynam;result;influenc;particular;import;territori;region;growth;high;popul;increas;level;countri;major;citi;model;spatial;studi;first;relationship;use;differ;distribut;land;system;
5978505324400362173;articl;author;new;methodolog;concept;access;approach;imag;develop;specif;definit;other;oper;main;first;databas;inform;time;mean;differ;process;statist;model;method;studi;system;global;data;indic;map;potenti;analysi;point;order;locat;term;scale;function;space;place;such;geograph;exampl;gener;area;europ;citi;public;
4095534866779795516;paper;model;observ;variou;practic;geographi;concept;knowledg;geograph;space;method;understand;choic;
4714407073178259501;region;franc;urban;urban area;area;histor;year;major;land;use;term;chang;increas;dynam;characterist;citi;methodolog;more;spatial;relationship;structur;result;analysi;model;scale;import;aim;integr;system;geograph;knowledg;territori;polici;high;place;develop;
13869797386716712710;model;possibl;emerg;spatial;product;popul;work;
3511170393813974994;new;geographi;cultur;space;spatial;form;main;import;differ;research;social;theori;system;approach;aim;paper;geograph;question;problem;
14647008669680021321;differ;histor;imag;territori;tool;
4933662103981995525;studi;imag;result;order;origin;methodolog;estim;use;
10450937551023149981;statist;set;spatial;analysi;point;pattern;map;imag;main;hand;global;local;indic;other;
1926076497446148057;work;part;research;european;develop;scientif;emerg;studi;specif;geographi;set;data;commun;evolut;social;network;author;geograph;intern;
10124750255541530363;main;citi;popul;region;more;town;paper;system;other;role;centuri;first;activ;urban;part;territori;second;govern;area;model;use;central;base;access;such;major;larg;land;oper;dynam;point;growth;urban area;origin;way;
3129832376861581383;import;spatial;problem;gener;econom;analysi;statist;data;unit;part;scale;zone;system;effect;use;theori;
327597670919904048;countri;work;same;way;commun;first;world;number;new;urban;main;practic;field;larg;metropolitan;area;major;econom;sustain;applic;signific;natur;structur;
6474361838092254707;process;state;build;centuri;analysi;first;map;citi;approach;relat;way;observ;social;system;cultur;differ;practic;applic;govern;term;use;measur;possibl;work;french;author;
8468897270163076882;point;risk;transport;method;account;order;complex;problem;decis;practic;applic;use;geograph;inform;system;tool;simul;map;
11116788812234160513;water;manag;franc;use;individu;hous;such;practic;build;project;sever;econom;cultur;
11515660283405193805;french;geographi;centuri;scale;polit;specif;govern;
9074180508714334781;studi;understand;relat;transport;research;urban;gener;intern;scale;statist;question;exampl;issu;commun;data;object;articl;methodolog;possibl;use;aim;integr;number;model;time;
15708269996867241662;
8250701945158690257;paper;same;issu;first;place;origin;relat;urban;territori;question;work;research;factor;social;
16410103917969209669;analysi;evolut;local;practic;area;last;spatial;influenc;system;region;dynam;unit;develop;larg;zone;issu;sustain;increas;land;
5559255212717815832;studi;flood;franc;place;area;zone;commun;use;more;model;water;level;analysi;account;build;land;plan;increas;
15066976194792409802;paper;commun;mean;public;real;product;chang;hous;market;pattern;studi;data;aim;properti;valu;time;effect;result;industri;local;govern;land;develop;urban;such;structur;residenti;space;author;new;access;locat;oper;increas;sustain;level;price;gener;analysi;term;major;signific;growth;last;risk;potenti;
9914924177076171326;flood;water;scale;main;second;centuri;signific;posit;chang;mean;
5226469085955963830;urban;develop;process;model;interest;mean;simul;accord;differ;plan;decis;methodolog;approach;first;second;locat;potenti;databas;use;inform;
5414079965684248116;research;more;activ;articl;aim;differ;peopl;properti;
3788821887140970232;sustain;develop;possibl;concept;base;such;mani;posit;econom;growth;social;environ;integr;characterist;relat;implement;new;countri;framework;first;applic;project;variou;activ;industri;process;part;unit;import;intern;
14333755945056675914;new;real;region;concept;develop;manag;natur;environment;water;form;increas;urban;problem;price;cultur;zone;area;network;evolut;unit;product;relat;function;land;state;french;
6077253387641607557;paper;analysi;region;nation;residenti;first;develop;theori;urban;data;unit;dimens;role;state;govern;cultur;mean;pattern;social;other;signific;model;global;increas;local;chang;major;factor;differ;polit;context;econom;
11641897789265033856;industri;major;risk;mani;countri;observ;effect;studi;popul;accord;other;such;area;peopl;order;local;specif;model;aim;number;emerg;simul;spatial;influenc;pattern;increas;
958072291029718013;region;plan;system;spatial;dimens;question;new;approach;integr;econom;social;develop;central;articl;real;public;context;activ;territori;local;level;decis;problem;place;order;structur;function;year;studi;situat;methodolog;nation;
5330828973604912754;field;research;intern;group;paper;understand;region;develop;integr;particular;european;polici;local;situat;network;popul;public;
1470033040145024796;
3967872545820725523;map;concept;spatial;variabl;way;network;process;french;space;distanc;limit;model;observ;represent;
16844054944903780759;dynam;citi;complex;model;scale;analysi;urban;level;articl;studi;centuri;histor;method;interest;potenti;relat;spatial;
10143337843391659400;paper;context;main;concept;method;field;econom;transport;model;mobil;aim;studi;question;way;understand;centuri;analysi;other;major;tool;system;methodolog;exist;origin;structur;
17645760952633302273;
2994394770380848530;social;interest;environment;issu;variou;problem;locat;year;theori;question;such;place;econom;sever;model;trend;paper;limit;exist;differ;exampl;applic;use;geograph;inform;
473145454289941520;region;water;problem;mani;popul;structur;chang;manag;author;
16501420394885114477;main;region;studi;urban;issu;last;year;paper;model;use;distribut;method;estim;dynam;approach;new;understand;growth;
3684699652146991886;spatial;decis;system;tool;problem;use;environ;framework;relev;analysi;inform;activ;knowledg;such;applic;model;understand;paper;peopl;commun;method;mean;structur;form;process;
1351474134111035437;climat;decis;individu;social;group;major;territori;space;accord;differ;type;use;data;process;aim;author;spatial;approach;geograph;limit;account;measur;set;year;period;variabl;specif;origin;method;local;continu;field;form;analysi;order;french;potenti;distribut;such;result;gener;understand;
10239356058748580753;citi;object;interest;europ;unit;franc;research;work;urban;polici;nation;level;question;situat;process;point;polit;order;articl;measur;evolut;
5446609147427552602;activ;space;territori;french;geograph;present;research;field;geographi;cultur;public;paper;time;methodolog;issu;situat;complex;other;approach;data;develop;histor;
16639670951060117326;oper;framework;sustain;develop;paper;such;type;govern;definit;european;order;countri;region;local;
18326666799412810349;differ;locat;choic;decis;hous;access;integr;function;system;space;time;understand;public;polici;urban;plan;region;develop;popul;paper;methodolog;evolut;variou;type;order;
5035349679182410681;geograph;statist;possibl;map;structur;inform;commun;new;system;data;analysi;main;characterist;interact;evolut;differ;level;role;relationship;
2239577453577548099;aim;paper;potenti;access;french;accord;distanc;urban;measur;methodolog;data;time;network;result;place;
11502791774186187980;issu;place;locat;geographi;peopl;posit;world;case;studi;analysi;variou;franc;role;space;way;polit;
1580996990975712678;research;continu;sever;studi;relat;urban;activ;locat;role;term;spatial;product;such;distribut;possibl;issu;posit;exist;signific;same;limit;land;use;analysi;index;case;exampl;result;method;tool;part;time;other;new;definit;central;set;variabl;town;plan;
12736972122713802641;result;level;pattern;real;data;citi;interest;such;
13856885479411563090;complex;cultur;geographi;urban;order;social;way;world;possibl;access;individu;limit;place;citi;increas;new;theori;
12317603598572057917;function;evolut;build;public;order;centuri;use;hous;urban;urban area;area;state;econom;social;tool;citi;plan;work;histor;develop;space;central;local;place;valu;polit;
312768424524227714;paper;cultur;approach;geographi;present;pattern;relationship;import;issu;studi;
16090726899148585477;public;
10871350001999694759;articl;new;franc;territori;process;gener;spatial;part;way;field;statist;
3541407695133336671;articl;work;map;research;question;hand;choic;particular;scale;observ;type;area;first;land;second;context;polici;new;commun;case;represent;import;role;inform;spatial;develop;manag;natur;local;popul;
13641350094684458307;spatial;point;
15193481822616101012;social;
9473618089176112264;articl;european;analysi;region;level;map;more;spatial;unit;present;first;distanc;increas;geograph;integr;second;form;measur;role;state;differ;part;methodolog;problem;databas;studi;observ;nation;research;
11500161571723801706;author;work;part;geograph;relationship;geographi;
1001727153810824827;paper;posit;decis;activ;space;approach;peopl;new;
8286088610737581491;paper;use;model;approach;emerg;structur;histor;area;work;articl;
2519835378801857692;more;year;observ;franc;relationship;water;landscap;practic;order;differ;situat;simul;evolut;popul;spatial;model;approach;dynam;number;local;individu;interact;complex;system;global;level;map;land;use;variou;sever;territori;first;result;real;world;
784825641918111671;segreg;indic;use;urban;studi;tool;process;applic;geograph;inform;system;way;understand;access;residenti;situat;data;citi;spatial;analysi;region;econom;
2680772703289253876;result;imag;effect;use;process;characterist;method;spatial;distribut;inform;differ;
1234608858332224257;public;
7500602852953149778;paper;role;geographi;french;develop;local;work;exist;franc;geograph;scientif;network;time;polit;cultur;exampl;intern;knowledg;aim;effect;social;
2799793891279597268;area;real;network;other;map;
1526877235202967392;result;countri;central;europ;access;european;polit;hand;region;differ;other;
10030087423435382196;statist;network;tool;model;system;knowledg;interest;use;variabl;paper;databas;urban;mobil;more;world;citi;gener;differ;result;structur;other;hand;import;factor;
4452003672140830454;model;segreg;spatial;structur;complex;such;import;urban;plan;possibl;limit;social;individu;simul;use;signific;effect;network;role;
16243180636039784436;region;place;project;result;area;land;differ;new;gener;decis;activ;author;state;effect;interest;popul;develop;risk;
6990479990781795393;real;research;territori;statist;studi;context;practic;tool;data;process;
6981655288541404358;spatial;french;geograph;research;countri;articl;account;geographi;centuri;author;histor;franc;
13966890450434906878;urban;space;object;studi;measur;oper;tool;method;data;case;result;sever;methodolog;analysi;local;differ;type;social;popul;region;develop;statist;scale;individu;main;spatial;emerg;structur;databas;
17943971464730409664;knowledg;complex;result;histor;choic;account;process;field;other;research;represent;articl;particular;concept;
8226171741742931491;studi;state;period;climat;variabl;analysi;imag;result;evolut;signific;increas;main;factor;set;develop;project;local;popul;account;level;
9494554736050894482;region;dynam;evolut;structur;econom;indic;popul;paper;spatial;variou;activ;work;last;area;gener;countri;specif;factor;analysi;case;signific;increas;context;global;
6369772250854665440;articl;dynam;hous;set;order;account;household;methodolog;space;work;mani;data;tool;analysi;structur;signific;local;type;characterist;possibl;way;evolut;
17698147798030344182;urban;develop;area;region;new;state;plan;popul;flood;risk;french;public;author;territori;mean;econom;posit;aim;more;hous;build;environment;citi;articl;project;industri;town;process;implement;origin;tool;question;local;
15145909352471637153;social;econom;chang;urban;space;area;research;articl;spatial;use;exampl;french;citi;major;structur;residenti;segreg;centuri;new;complex;dimens;urban area;studi;differ;process;popul;accord;characterist;
10928771149826054783;natur;landscap;work;valu;real;imag;place;complex;observ;histor;world;same;time;tool;knowledg;
238436110447289713;french;territori;land;natur;sever;process;centuri;posit;environ;environment;econom;issu;region;author;limit;plan;area;zone;
17078174838756200368;social;question;
5964802624294796908;econom;geographi;import;chang;last;year;increas;locat;such;way;data;statist;region;period;evolut;part;urban;urban area;area;new;analysi;same;differ;
14776205429755793294;studi;countri;other;distribut;chang;paper;evolut;residenti;segreg;popul;metropolitan;area;analysi;research;question;level;time;pattern;order;variou;indic;central;use;data;period;valu;locat;spatial;differ;sever;factor;
14867813661609613822;paper;specif;estim;model;data;analysi;spatial;applic;
11789917488390849702;relationship;space;geograph;articl;relev;studi;case;europ;develop;relat;approach;first;group;process;household;differ;central;european;countri;question;theori;second;residenti;pattern;high;mobil;urban;structur;model;state;market;
7976888532897584518;commun;peopl;high;territori;practic;differ;time;studi;aim;social;dynam;term;data;model;accord;method;integr;spatial;scale;interact;period;level;work;knowledg;landscap;tool;process;structur;effect;way;understand;complex;system;sever;space;
4397479083341051245;articl;centuri;french;geographi;citi;accord;urban;unit;polit;context;imag;exist;way;
13588517725559598487;residenti;activ;place;zone;such;urban;urban area;area;increas;larg;studi;differ;space;way;main;exist;major;gener;work;number;statist;transport;commun;data;popul;
17785371142744855762;paper;develop;model;spatial;use;decis;network;interact;limit;number;evolut;system;time;approach;build;french;metropolitan;area;methodolog;potenti;integr;plan;
9978289116059688680;natur;space;high;popul;present;risk;nation;central;area;zone;manag;specif;territori;signific;case;question;represent;
9412616167372044279;articl;evolut;urban;geographi;research;time;concept;studi;space;place;geograph;problem;field;
6022412008866865276;map;imag;complex;data;natur;area;plan;develop;such;tool;sever;local;franc;use;decis;time;spatial;present;
9137541113245068248;plan;landscap;model;histor;social;practic;local;econom;
1925571629944263238;franc;flood;area;time;question;manag;risk;effect;limit;problem;new;aim;part;implement;central;land;use;local;
2717118625854237215;paper;geograph;knowledg;possibl;exampl;climat;analysi;relat;
4815111759939276934;articl;system;major;role;peopl;spatial;region;build;network;activ;chang;econom;new;countri;intern;integr;mani;problem;
1020539595843981657;approach;use;new;type;imag;data;order;model;inform;object;spatial;relationship;other;relat;characterist;gener;origin;context;process;
15490879080726553951;paper;relationship;world;scale;concept;central;citi;urban;popul;analysi;result;structur;region;area;relat;major;european;other;question;model;same;time;understand;spatial;function;
4157190210681869695;continu;concept;
3154035227628535457;mani;citi;signific;effect;studi;field;present;articl;methodolog;approach;urban;urban area;area;hand;aim;relev;model;other;point;geographi;spatial;metropolitan;level;result;structur;emerg;region;
10075673643818569018;research;account;variou;zone;statist;data;concept;model;unit;build;process;such;integr;index;chang;use;mean;function;time;order;result;knowledg;
16548590329634001583;studi;situat;observ;increas;case;chang;real;natur;environ;countri;mani;
4068723213522043679;articl;differ;polit;level;variou;set;franc;function;local;structur;aim;new;import;polici;social;citi;question;role;such;
13243337309915853256;articl;account;theori;issu;
71701339042918686;french;territori;project;sever;simul;model;type;local;urban;urban area;area;estim;relev;case;studi;situat;indic;exampl;town;method;
17174168399005685461;model;specif;chang;geograph;analysi;part;spatial;new;estim;effect;mean;term;interact;inform;data;second;applic;econom;develop;countri;europ;locat;
16629871028286408034;issu;
10750278397057582076;concept;
2009987668862926666;environment;variou;type;practic;field;natur;cultur;environ;individu;articl;commun;intern;public;space;
1278739482361996123;paper;imag;product;studi;exist;process;possibl;differ;role;
3971326279899157118;industri;individu;data;use;analysi;method;region;growth;factor;structur;import;posit;relat;gener;econom;period;studi;theori;
18324282830790877604;paper;potenti;level;inform;system;characterist;data;individu;point;locat;area;group;index;product;
12526526596166894173;signific;environment;chang;place;mobil;year;surfac;use;field;scale;larg;dynam;such;method;research;project;measur;paper;histor;studi;environ;limit;data;
12973683941146739970;activ;use;data;statist;place;order;origin;indic;level;analysi;role;methodolog;case;franc;issu;build;process;sever;result;understand;commun;
9307607782411909849;urban;main;form;citi;land;plan;polici;area;order;landscap;activ;account;such;town;region;dynam;term;chang;public;result;use;manag;space;econom;
14216263611691786986;articl;climat;area;increas;studi;data;first;year;situat;same;problem;valu;measur;result;high;environment;region;landscap;main;factor;land;
17378408808092404839;last;market;state;case;chang;differ;region;research;continu;time;econom;social;landscap;new;product;
3005661598294449437;build;countri;dynam;europ;intern;object;plan;franc;landscap;high;second;land;urban;space;accord;choic;place;
18026423820145262245;interact;model;import;role;tool;econom;environment;estim;transport;access;paper;measur;effect;urban;urban area;area;evolut;time;spatial;distanc;result;popul;level;distribut;citi;central;social;part;polici;
59603030228961377;dynam;urban;system;citi;growth;process;develop;last;high;oper;differ;
12620248080072705501;individu;differ;countri;franc;result;research;relationship;structur;geograph;area;choic;method;network;use;map;region;level;potenti;landscap;approach;databas;scale;territori;interest;way;
1314318680086198489;exampl;citi;time;geograph;space;social;geographi;chang;possibl;other;global;urban;plan;
10406915170702922356;articl;develop;geographi;franc;risk;definit;
10434997229763928446;geograph;cultur;time;field;studi;first;origin;scientif;network;countri;work;european;peopl;differ;accord;method;state;econom;dynam;europ;
8836214754636785157;territori;popul;major;group;approach;posit;intern;commun;polit;research;limit;such;work;possibl;aim;paper;new;social;particular;
6971998660716788871;concept;question;
13973992772174842049;part;type;account;space;place;other;more;main;set;
692639364031775036;citi;transport;network;posit;such;paper;specif;role;differ;term;spatial;econom;urban;develop;level;urban area;area;order;influenc;structur;central;measur;region;research;process;global;
16612201304630735484;network;part;transport;more;research;geographi;studi;analysi;paper;estim;method;main;indic;dimens;work;properti;first;natur;present;differ;particular;approach;other;methodolog;result;variou;relev;accord;characterist;object;observ;
4838796485771518729;
13381687892834406659;place;concept;
5694756131468578291;research;indic;popul;urban;structur;use;method;analysi;factor;accord;model;import;approach;relat;distanc;citi;studi;social;dimens;space;author;effect;influenc;set;spatial;form;
11560201488980627559;question;complex;increas;applic;social;model;spatial;system;new;concept;method;approach;tool;exist;knowledg;geographi;urban;theori;use;mani;practic;problem;signific;evolut;relationship;time;develop;simul;citi;period;
9516388535697072538;databas;social;european;index;french;first;time;last;same;accord;research;object;project;intern;commun;interact;studi;scientif;inform;access;question;work;practic;articl;present;method;
9011177800405190403;govern;develop;data;potenti;mani;industri;such;emerg;manag;public;environment;transport;land;inform;system;paper;aim;map;function;simul;new;main;framework;research;integr;trend;nation;polici;use;applic;effect;decis;
18028858323441865951;major;environ;access;mobil;dimens;such;research;evolut;residenti;territori;group;citi;same;year;analysi;use;statist;spatial;other;last;increas;factor;urban;individu;level;
17042243005806672153;french;geographi;unit;exist;import;high;last;centuri;gener;model;geograph;
18257996176964180316;object;sustain;develop;urban;polici;local;level;govern;oper;econom;citi;place;differ;manag;author;new;relationship;variou;plan;industri;use;year;spatial;issu;evolut;exampl;french;
3970720633651393715;paper;author;approach;urban;spatial;chang;differ;time;commun;evolut;transport;place;new;studi;citi;form;mobil;gener;popul;way;space;exist;method;measur;
2638754731186220301;time;global;inform;system;space;territori;sever;new;state;polit;commun;imag;develop;concept;
5636172743088344726;year;origin;point;system;countri;number;interest;such;inform;possibl;distribut;accord;geograph;other;articl;question;influenc;spatial;social;issu;sever;methodolog;first;period;situat;result;network;statist;method;structur;high;analysi;studi;relat;
13801050957174211136;studi;network;geographi;indic;such;tool;theori;access;other;central;distribut;locat;spatial;relat;potenti;structur;area;relev;possibl;account;method;use;
2222991629650254180;european;social;base;work;differ;polit;territori;case;term;state;
15363435225343605206;complex;system;model;emerg;function;social;segreg;interact;trend;use;urban;studi;research;simul;citi;result;process;network;main;limit;implement;mean;new;
1501083229293056955;popul;main;citi;data;residenti;spatial;level;urban;unit;peopl;model;factor;account;individu;characterist;more;urban area;area;influenc;same;interact;accord;studi;geograph;
15913209474145158949;studi;develop;area;natur;import;factor;econom;role;continu;main;period;activ;
17435072595489656572;paper;geograph;polit;context;work;world;scientif;
6359474897905721055;data;spatial;mobil;approach;understand;urban;variou;form;intern;chang;new;urban area;area;hous;landscap;citi;environ;place;context;popul;role;factor;growth;natur;aim;paper;scale;question;function;residenti;space;dynam;
3318192962985687861;relationship;space;evolut;geograph;climat;theori;scientif;year;such;second;import;
17947646344268792776;valu;practic;urban;manag;central;public;project;more;commun;problem;town;model;polit;local;level;social;environ;
16379287521242807034;last;citi;first;plan;hous;peopl;accord;main;function;articl;influenc;public;
1472935377201672955;time;paper;mean;question;french;geograph;present;knowledg;first;part;gener;analysi;second;case;studi;last;
11370621186628182477;last;year;definit;differ;work;point;
1761434165225949241;exampl;land;use;system;environment;region;climat;potenti;individu;area;paper;landscap;centuri;evolut;time;inform;geograph;spatial;statist;origin;other;
16071811597336120749;paper;french;project;environ;develop;area;more;object;part;main;natur;econom;activ;land;local;popul;commun;map;sever;locat;spatial;field;interest;variou;definit;role;nation;franc;new;accord;tool;environment;sustain;european;concept;intern;context;
639017751578149039;articl;method;intern;map;differ;gener;
10525859623497775612;statist;indic;part;public;urban;emerg;context;increas;social;town;histor;nation;field;distribut;area;local;particular;complex;author;imag;interest;econom;group;
16237111473358271219;paper;relat;exampl;point;main;european;limit;number;polici;integr;nation;histor;way;context;world;develop;emerg;issu;territori;order;same;franc;concept;use;countri;such;
11297061312940107472;articl;french;geograph;centuri;present;work;continu;way;histor;context;practic;aim;function;geographi;increas;use;last;approach;studi;imag;differ;concept;knowledg;product;
4163493652856985546;franc;knowledg;urban;space;statist;inform;scale;french;nation;exampl;citi;build;account;residenti;part;peopl;household;choic;term;mobil;aim;paper;data;order;indic;global;result;analysi;gener;area;
7972984737099800219;mani;other;citi;year;new;develop;dynam;popul;urban;urban area;area;articl;evolut;main;form;order;methodolog;set;household;work;variabl;inform;use;analysi;structur;indic;social;global;approach;
12284551268748142328;research;decis;theori;individu;real;place;method;residenti;choic;differ;citi;exist;popul;group;social;use;implement;particular;inform;
12812800870502340313;base;public;
18033955287987500080;studi;urban;mobil;practic;household;franc;type;time;inform;use;public;transport;social;new;residenti;choic;observ;effect;land;real;polici;more;town;
11000583779111601121;european;cultur;year;question;europ;econom;polit;space;region;
3801245627317842925;role;region;urban;plan;climat;chang;implement;polici;time;growth;public;transport;effect;scientif;mani;research;local;characterist;present;articl;social;
17361683415379800043;spatial;point;individu;
2051867956673341842;number;state;project;increas;sever;concept;origin;work;govern;structur;imag;
3902617747571492826;paper;part;natur;town;aim;environment;dimens;urban;spatial;analysi;such;new;first;result;relationship;
2796642889068211356;relat;territori;public;geograph;theori;understand;paper;variou;way;spatial;
9426045279417949835;activ;europ;such;histor;map;spatial;dynam;way;exampl;franc;local;last;centuri;surfac;time;develop;result;account;geographi;area;high;context;chang;
8229787373038521634;first;time;databas;social;studi;european;index;french;research;differ;last;same;accord;articl;project;methodolog;author;data;result;object;work;inform;tool;applic;field;
9822038686896572515;place;water;urban;manag;evolut;urban area;area;relev;function;scale;
6434177407385527896;paper;spatial;understand;polit;space;interest;analysi;peopl;local;pattern;econom;segreg;cultur;form;
10645258141774326611;aim;paper;concept;geograph;work;state;geographi;evolut;
8772895117541869327;landscap;interest;field;approach;natur;social;system;complex;scientif;result;signific;environment;problem;method;area;mean;land;unit;methodolog;such;geograph;inform;sever;way;order;spatial;relat;variou;data;knowledg;function;structur;oper;possibl;use;distanc;
12821548119874188566;french;product;state;network;exampl;new;dynam;environment;natur;region;order;scientif;author;research;paper;question;landscap;mean;method;land;local;process;import;
16099426046794942799;centuri;statist;polit;geographi;field;space;approach;state;territori;import;definit;map;europ;such;oper;geograph;natur;mani;new;methodolog;framework;situat;social;scientif;same;time;exampl;knowledg;
8849323901926653084;other;product;level;structur;complex;possibl;form;map;studi;system;work;way;region;world;space;specif;dimens;hand;unit;econom;franc;europ;central;represent;
17183649609607198230;field;studi;represent;imag;point;model;econom;exampl;natur;world;work;peopl;relat;french;social;geograph;real;
13283253943618736245;paper;simul;environ;problem;differ;model;use;applic;social;econom;issu;first;part;research;role;polici;level;interest;geograph;structur;central;result;specif;
2787123752442980387;paper;geograph;relev;point;present;form;part;intern;scientif;
8417900000791458445;work;analysi;represent;citi;centuri;differ;develop;imag;type;use;articl;activ;period;time;author;dimens;social;territori;econom;dynam;histor;framework;chang;public;space;possibl;continu;urban;
9293927088515098369;use;surfac;citi;map;exist;data;base;
9861757713836418476;place;
2656775593116814839;represent;space;point;method;paper;sever;individu;geograph;system;process;inform;use;place;context;work;
6888831124184553683;analysi;map;territori;set;polit;interest;articl;context;land;peopl;particular;research;develop;project;first;time;represent;nation;space;complex;relat;dynam;product;intern;region;popul;state;countri;
16552005772206632584;number;work;french;geographi;emerg;variou;field;such;region;plan;urban;studi;world;
15191176845940634335;area;influenc;metropolitan;such;integr;exist;function;region;industri;pattern;complex;place;activ;specif;local;
2858855837571928375;environment;chang;environ;natur;valu;function;activ;author;term;particular;new;other;work;
17562946039838070630;way;other;peopl;differ;commun;analysi;popul;mobil;social;residenti;area;statist;factor;work;paper;effect;variou;form;order;cultur;larg;french;citi;exist;research;author;franc;result;increas;hand;relationship;interact;space;gener;spatial;practic;
483538246629254650;paper;model;central;popul;main;
9256794042650563470;articl;databas;mobil;data;other;popul;scale;european;citi;sustain;urban;form;indic;transport;base;year;more;such;
5923334823415498276;nation;countri;econom;develop;geograph;distanc;central;place;world;intern;scale;question;origin;valu;model;region;context;articl;spatial;limit;
17884103235741371983;water;franc;period;mani;problem;public;context;research;role;landscap;aim;present;studi;region;estim;sever;evolut;data;imag;statist;relationship;local;factor;result;import;access;part;high;popul;
478960797272178947;econom;chang;place;year;state;import;european;last;centuri;effect;social;citi;cultur;factor;decis;role;number;other;geograph;relat;locat;part;europ;high;paper;studi;differ;scale;territori;level;commun;
14864529982901438809;geograph;inform;system;model;decis;tool;use;simul;result;possibl;process;paper;methodolog;land;knowledg;databas;dynam;centuri;map;object;set;observ;chang;potenti;histor;statist;locat;specif;limit;
14510559664834677675;french;citi;world;town;flood;water;problem;increas;influenc;aim;studi;such;evolut;signific;level;high;context;year;model;simul;variou;estim;centuri;
4972157924856718091;aim;studi;part;area;region;chang;analysi;type;data;imag;methodolog;process;field;work;relat;map;space;evolut;hand;flood;other;water;result;account;term;role;mobil;spatial;dynam;
10870002108195618785;year;local;intern;polit;territori;world;environ;specif;place;activ;urban;landscap;area;social;relat;cultur;sever;spatial;peopl;question;
4365871987204295027;citi;growth;urban;plan;water;network;popul;mani;signific;result;develop;studi;manag;
1097122499403586652;develop;other;french;plan;signific;last;environment;manag;method;import;effect;natur;exist;studi;new;environ;
1951334589232400018;paper;analysi;differ;observ;level;main;studi;climat;region;local;
4969135363021436624;accord;polit;other;growth;urban;structur;franc;natur;relat;influenc;spatial;analysi;methodolog;differ;scale;particular;chang;new;
13514660213280886463;present;analysi;differ;properti;complex;system;import;period;such;evolut;new;high;
3851683408341708161;activ;limit;evolut;factor;such;geograph;distribut;urban;space;climat;social;place;individu;citi;increas;function;residenti;
15086426008078156737;type;
3376226952122960110;urban;dynam;centuri;possibl;problem;industri;use;data;point;citi;observ;area;factor;popul;measur;sever;major;role;spatial;model;influenc;space;distribut;
9580935810352389062;manag;water;franc;implement;paper;such;evolut;individu;exampl;use;econom;social;problem;relat;variou;complex;
16779965711698057770;paper;public;polici;author;franc;practic;order;mobil;other;data;sever;
16058868812392252316;paper;commun;urban;sustain;use;methodolog;framework;model;dynam;relationship;issu;complex;system;intern;way;
914370871307613493;paper;issu;develop;type;use;commun;local;peopl;analysi;public;other;field;sever;structur;interest;emerg;
4521167975068893234;dimens;measur;spatial;area;region;more;variabl;urban;geographi;environ;hous;residenti;choic;such;land;price;type;household;analysi;paper;indic;other;use;understand;landscap;model;plan;
4032759008048105645;relev;theori;urban;system;properti;citi;mani;continu;way;part;new;time;function;level;complex;activ;place;town;econom;term;increas;scale;such;form;specif;structur;evolut;approach;concept;process;inform;growth;result;social;
12993650111889667557;structur;project;part;geograph;analysi;dimens;spatial;knowledg;
8867241032827260133;studi;approach;environment;model;part;franc;system;differ;situat;inform;land;manag;local;popul;role;process;
2790639534749897389;franc;urban;new;polit;space;commun;result;territori;complex;context;area;factor;choic;
1291863581341518928;citi;econom;polit;cultur;real;question;urban;hand;other;
5114348514309083494;french;result;level;commun;countri;household;inform;year;territori;indic;order;question;more;relationship;differ;analysi;map;form;possibl;particular;term;geograph;econom;activ;urban;structur;
9665720383481198916;social;represent;inform;set;activ;first;part;main;type;french;urban;second;relationship;metropolitan;
15799196584630148869;new;practic;issu;unit;area;question;larg;way;work;landscap;last;research;order;develop;other;project;place;risk;polit;
831994987405807645;emerg;model;system;state;function;posit;time;simul;type;form;factor;result;natur;
555256199104743189;theori;urban;geographi;mani;characterist;system;spatial;pattern;differ;scale;dynam;first;properti;import;evolut;second;main;trend;applic;issu;area;distribut;activ;simul;growth;analysi;specif;question;limit;relev;type;
13223708234762758261;last;countri;mani;chang;urban;space;term;form;function;social;structur;citi;new;econom;local;emerg;relat;spatial;mobil;household;build;hous;land;price;dynam;market;area;practic;product;polici;public;author;interest;
13884707852295300503;european;urban;area;paper;major;citi;such;sustain;land;space;natur;specif;origin;form;social;spatial;access;posit;new;complex;urban area;manag;continu;local;author;relat;
10685428001270625047;methodolog;framework;chang;model;environ;activ;research;simul;analysi;interact;develop;order;
18348554669406576855;articl;project;state;place;product;geographi;work;mani;research;geograph;variou;public;region;field;definit;develop;countri;nation;territori;account;limit;land;plan;growth;more;problem;
18428749465993921069;first;issu;individu;new;method;such;data;object;space;chang;state;relationship;mani;variabl;popul;posit;result;represent;import;
11877558273471361661;spatial;influenc;citi;way;activ;network;oper;number;analysi;dynam;time;model;chang;urban;other;articl;pattern;nation;scale;region;posit;relat;second;zone;process;
5361981950744831408;econom;choic;influenc;citi;dynam;urban;local;environ;climat;nation;market;countri;develop;access;situat;practic;world;system;popul;possibl;analysi;oper;space;region;
6663699002577949481;articl;geograph;studi;region;state;urban;urban area;area;concept;spatial;social;new;geographi;develop;centuri;territori;integr;peopl;real;definit;present;time;
16773861079210337760;paper;time;world;geograph;inform;system;spatial;databas;more;histor;manag;method;way;approach;major;relat;model;
38789001693523099;work;global;world;citi;research;theori;paper;limit;case;data;model;inform;result;first;exist;specif;studi;region;french;
17597256972498235486;climat;signific;studi;popul;dynam;chang;main;research;distribut;order;gener;model;spatial;differ;approach;analysi;variabl;area;result;
11264242014207863537;present;analysi;metropolitan;area;histor;evolut;urban;process;citi;order;point;use;main;studi;method;dimens;surfac;first;part;result;relationship;valu;context;
15308082467940695330;network;process;spatial;dynam;scale;plan;model;natur;area;context;structur;map;mean;issu;paper;region;franc;approach;group;represent;studi;landscap;possibl;function;social;interact;
16689892673366615122;paper;process;citi;system;european;nation;region;situat;
5816416974963252682;articl;model;effect;differ;urban;growth;process;simul;variabl;area;distanc;network;pattern;emerg;way;space;method;understand;role;dynam;order;build;spatial;properti;evolut;
1819570045680387305;first;time;system;citi;countri;region;world;europ;unit;build;statist;databas;concept;gener;urban;inform;nation;second;structur;growth;process;model;theori;larg;posit;differ;individu;evolut;last;year;specif;geograph;case;observ;simul;popul;
14966613736473251829;inform;system;european;countri;geograph;land;use;differ;environment;databas;map;area;account;larg;climat;surfac;paper;studi;variou;state;specif;central;part;data;same;aim;zone;definit;exist;choic;scale;natur;form;work;present;other;relev;chang;develop;hand;level;result;group;exampl;urban;urban area;set;project;effect;
3592553216232078080;sever;build;local;situat;social;mani;problem;more;manag;practic;factor;complex;
7952920323935929957;year;sever;develop;project;context;order;spatial;inform;observ;exist;object;increas;number;research;commun;citi;data;effect;framework;variou;way;present;new;approach;analysi;function;possibl;
17343477342202680578;last;year;complex;issu;central;model;field;exist;method;new;way;effect;activ;question;order;understand;geograph;urban;problem;limit;potenti;approach;author;structur;role;paper;first;part;work;main;relev;variou;process;environ;applic;
10917621357237960492;articl;use;research;method;studi;particular;geograph;field;term;paper;differ;inform;process;relationship;landscap;first;methodolog;practic;access;
5394053853286382496;indic;use;area;major;interest;mani;field;urban;region;analysi;problem;spatial;variabl;relev;practic;case;commun;definit;paper;sever;same;concept;differ;natur;data;measur;part;main;statist;applic;distribut;econom;
11642686244467502221;complex;articl;point;distribut;global;local;interact;relat;spatial;object;scale;analysi;first;part;space;time;definit;second;factor;sever;region;new;set;problem;observ;mani;result;exampl;process;effect;model;studi;account;accord;natur;
1115794669108577338;studi;town;aim;variou;way;access;public;place;practic;dimens;point;urban;mobil;process;environ;space;such;activ;form;type;relationship;citi;observ;work;individu;role;choic;
1938260013292616199;concept;system;import;space;new;model;commun;interact;popul;histor;result;case;geograph;role;effect;global;
8234506758814348085;analysi;chang;form;function;citi;urban;last;year;
11751419171971115834;french;urban;social;polici;area;econom;problem;statist;public;zone;high;hous;environ;citi;such;place;time;residenti;household;choic;order;understand;market;paper;relat;price;real;distanc;properti;increas;use;databas;base;dynam;indic;data;characterist;locat;gener;trend;influenc;part;measur;
7285305135530552617;french;urban;framework;space;present;use;develop;urban area;area;main;local;plan;zone;real;activ;studi;polici;particular;chang;research;origin;level;land;mean;base;build;spatial;dimens;distribut;
4202760219581665753;urban;polici;practic;model;intern;imag;project;influenc;space;
16239868459474805817;concept;spatial;
8451234473240984816;articl;space;region;analysi;tool;method;chang;local;econom;accord;result;signific;year;specif;case;more;dynam;
9482231302012510959;use;continu;present;analysi;citi;interest;geograph;object;model;tool;limit;new;research;field;same;time;
15671947571864180485;french;model;manag;water;intern;scale;govern;polici;mani;countri;case;variou;polit;
8062352965310603796;aim;studi;model;framework;theori;interact;individu;town;citi;structur;dynam;scale;urban;system;simul;use;statist;growth;observ;term;larg;set;europ;new;
10823458066133705961;paper;time;polici;variou;level;market;nation;data;term;distanc;use;urban;region;larg;chang;result;period;more;transport;system;access;mean;main;observ;differ;indic;
8458514563137936438;landscap;simul;mean;observ;evolut;factor;gener;chang;land;use;model;growth;practic;studi;space;account;interact;work;influenc;social;relationship;territori;present;
17119000433850090312;govern;new;water;polici;local;definit;manag;state;
3046548430055877247;zone;spatial;local;global;type;
615768415335916081;histor;climat;chang;flood;method;time;high;research;result;studi;region;analysi;trend;posit;level;point;increas;activ;surfac;index;area;possibl;
2438919852332954408;increas;public;sever;europ;distanc;interest;develop;articl;result;
4786174449418476463;citi;method;aim;popul;relev;main;object;methodolog;individu;inform;point;map;area;chang;project;possibl;characterist;scale;
6659568900188286878;spatial;influenc;citi;activ;network;analysi;inform;dynam;model;chang;urban;nation;level;accord;process;region;place;second;town;
7109035006673776343;tool;analysi;geograph;way;system;sever;practic;exampl;method;limit;french;
10723169822937620935;origin;work;differ;mani;other;geographi;polit;nation;
2941939649222970387;understand;process;chang;use;imag;methodolog;inform;order;indic;environ;studi;year;period;measur;popul;method;land;differ;product;accord;
9393709732402438322;metropolitan;area;growth;urban;unit;polici;hous;price;paper;exist;other;region;result;
11959589490302327531;real;function;distanc;scale;level;space;present;natur;main;knowledg;
8223507533296043839;concept;research;manag;mani;use;oper;relev;articl;state;point;mean;term;issu;field;analysi;methodolog;theori;new;implement;polit;risk;number;
17108330623970677749;econom;nation;govern;practic;natur;risk;polici;manag;new;part;emerg;integr;zone;french;develop;approach;commun;centuri;gener;public;territori;local;author;form;region;implement;chang;process;way;
1568111486229622334;paper;urban;inform;model;represent;sever;level;geograph;situat;oper;way;state;aim;mean;process;order;group;properti;object;concept;such;analysi;distribut;valu;differ;term;space;specif;
6371927218075563247;aim;paper;interest;place;studi;approach;order;question;histor;geographi;last;year;import;evolut;period;centuri;map;new;inform;landscap;citi;differ;complex;
8623604713368496097;geographi;scientif;choic;complex;set;accord;individu;situat;practic;real;natur;work;approach;account;way;peopl;world;develop;methodolog;case;
12410862391103182562;paper;develop;water;evolut;local;framework;first;factor;
10700305950718322472;studi;variou;analysi;map;author;model;term;such;chang;spatial;pattern;simul;differ;tool;land;use;area;franc;data;approach;methodolog;characterist;specif;result;accord;
10854929410844065967;citi;place;such;practic;cultur;local;context;same;time;specif;imag;nation;level;order;map;unit;
6519434595329742739;problem;case;other;group;use;exampl;spatial;present;process;
4954742153524534599;data;spatial;model;differ;aim;paper;exampl;geograph;space;form;first;case;global;growth;local;dynam;continu;framework;other;possibl;
4110836529507781646;relat;sever;countri;area;growth;water;term;such;project;state;
1938663060375810997;mani;countri;main;way;estim;gener;popul;present;methodolog;approach;map;spatial;use;simul;model;surfac;number;region;trend;applic;data;imag;
9639673897972833930;urban;popul;water;manag;region;develop;nation;context;research;influenc;studi;effect;such;system;mani;surfac;public;household;
17741665955615893602;larg;area;europ;studi;distribut;factor;first;activ;time;major;system;place;posit;spatial;
13862902254521728979;analysi;map;territori;set;polit;interest;articl;context;land;peopl;particular;research;develop;project;first;time;countri;represent;nation;space;complex;relat;dynam;product;intern;region;popul;state;
6807646703688825952;urban;econom;model;household;locat;urban area;area;dynam;way;develop;citi;time;residenti;pattern;social;structur;
17996488979484615393;methodolog;framework;geographi;public;paper;method;object;geograph;histor;concept;complex;year;factor;first;centuri;gener;particular;develop;relat;research;articl;inform;
6021450299050213242;question;world;new;econom;space;geographi;polit;develop;integr;same;polici;last;
8717736230180721741;present;sever;method;tool;intern;complex;imag;particular;form;type;map;result;relat;use;public;
10845239633598044892;type;knowledg;aim;understand;object;variou;scientif;observ;
8120473073398958971;public;number;research;paper;europ;spatial;relat;commun;limit;variou;concept;scientif;approach;new;region;scale;process;govern;relationship;larg;relev;polici;framework;metropolitan;nation;develop;polit;result;territori;econom;period;
15043915283338505754;area;product;landscap;unit;structur;space;studi;practic;dynam;europ;factor;field;part;analysi;distanc;build;central;place;account;measur;method;develop;geograph;inform;system;interest;land;use;variou;spatial;context;relat;function;
10639794592926854511;concept;spatial;
16017213343505268075;water;territori;activ;integr;manag;
5338406228686269315;distanc;issu;more;use;order;measur;valu;landscap;method;function;account;data;water;region;sever;result;statist;
14257865210444486682;order;represent;urban;space;paper;import;place;locat;more;level;knowledg;signific;individu;map;
17004386235020215772;spatial;problem;flood;risk;manag;data;use;gener;aim;studi;method;imag;model;water;paper;main;inform;limit;level;estim;
9778440285021324005;residenti;segreg;index;franc;author;definit;indic;specif;dimens;central;present;applic;
15407204464231071686;articl;present;signific;studi;inform;exist;differ;public;gener;period;year;use;research;part;concept;specif;
8516210840454050119;last;citi;differ;work;larg;hous;part;popul;inform;urban;space;real;dynam;region;other;hand;form;
11029996868557835777;new;environ;scientif;inform;commun;order;articl;
1824498341797604079;european;spatial;develop;polici;plan;local;level;implement;accord;research;framework;network;situat;object;articl;process;inform;type;scale;author;applic;term;
7820654797362893989;emerg;paper;gener;situat;geograph;present;new;public;problem;urban;urban area;area;high;popul;larg;number;peopl;increas;work;region;order;potenti;risk;factor;analysi;space;environ;studi;spatial;dynam;model;way;possibl;
3491248793685189593;zone;social;spatial;issu;
16769575121543978039;analysi;data;practic;studi;region;transport;problem;exist;methodolog;increas;complex;spatial;structur;role;interact;network;first;understand;result;place;gener;framework;accord;pattern;applic;present;approach;last;relationship;chang;period;residenti;mobil;metropolitan;area;market;
10395990831169684398;aim;paper;main;cultur;industri;context;geographi;econom;process;integr;other;role;develop;territori;intern;point;spatial;approach;distribut;group;structur;pattern;
2965762786192258152;differ;place;network;climat;number;period;spatial;distribut;approach;commun;citi;land;surfac;same;way;
435515704312492069;articl;role;theori;interest;import;relationship;hand;concept;other;develop;approach;new;relat;environ;structur;
18031896919373574970;social;polit;last;year;concept;citi;group;analysi;object;mean;public;
14566097579105013627;studi;household;hous;market;possibl;number;such;product;new;other;situat;peopl;part;complex;system;interact;local;individu;structur;import;develop;method;order;mani;level;time;space;model;
1842372190576429895;method;network;pattern;import;understand;structur;citi;build;possibl;local;access;area;more;present;posit;observ;differ;use;indic;theori;
6831994378757046484;studi;use;area;imag;variou;unit;structur;zone;process;analysi;differ;type;map;method;applic;data;same;
7454357807241263216;paper;influenc;citi;access;popul;locat;market;area;major;use;variou;result;other;local;region;plan;
5262338330397019669;french;natur;chang;product;network;system;dynam;work;new;popul;sustain;accord;concept;place;paper;type;question;territori;base;franc;activ;interest;practic;
4866148860437950343;
15543612085317076943;studi;characterist;factor;result;price;statist;tool;data;
5020541489333134258;new;concept;individu;household;decis;territori;
13805417772736369116;understand;field;inform;data;scientif;
14376609251123444028;articl;econom;cultur;complex;unit;integr;analysi;geographi;method;such;region;statist;characterist;zone;more;countri;other;type;
13680631819154541499;differ;oper;field;decis;imag;analysi;applic;chang;spatial;issu;model;object;mani;approach;relat;methodolog;distanc;paper;method;result;
12548407195067688272;process;environment;larg;develop;public;studi;decis;question;possibl;author;way;differ;social;specif;case;plan;project;polit;mani;environ;risk;part;
9766225282383706085;new;area;research;risk;natur;econom;origin;peopl;complex;main;paper;effect;urban;context;major;environ;model;system;dynam;build;use;other;possibl;studi;commun;flood;first;simul;result;urban area;emerg;field;
1572685096933810526;product;urban;space;activ;mani;develop;possibl;market;spatial;order;locat;citi;differ;type;sever;hous;industri;more;structur;choic;area;other;land;price;import;new;result;urban area;point;chang;model;unit;public;present;level;measur;form;accord;valu;system;network;number;part;growth;decis;process;build;dynam;
17797145840602625129;concept;relev;town;research;field;origin;scientif;main;result;urban;structur;issu;natur;citi;term;geograph;
8097793126775624148;
15080019365446347413;econom;chang;place;year;state;import;european;last;centuri;effect;social;citi;cultur;factor;decis;role;number;other;geograph;relat;locat;part;europ;high;paper;studi;differ;scale;territori;level;commun;
35735584877155878;analysi;point;pattern;particular;interest;such;spatial;data;signific;exampl;mani;exist;approach;paper;variabl;residenti;high;level;
10259451815667702415;geograph;analysi;spatial;data;method;point;local;space;urban;commun;
10196710770569513994;first;franc;geographi;chang;hand;exist;practic;other;mani;differ;field;question;definit;effect;land;use;plan;analysi;geograph;situat;part;number;develop;risk;specif;scientif;characterist;natur;complex;studi;dynam;social;
17175694075579110791;articl;present;inform;differ;space;relationship;network;econom;activ;public;work;main;issu;
600866168164325393;citi;method;evolut;variabl;urban;popul;estim;area;imag;surfac;differ;data;base;intern;relationship;same;other;
6101144771790953218;geograph;time;sever;author;method;paper;issu;use;public;second;centuri;other;polit;posit;world;major;global;work;mani;
5826057656552325127;articl;spatial;dynam;studi;particular;research;process;citi;map;global;approach;differ;statist;data;work;field;histor;social;form;aim;present;origin;use;exampl;
15655405660829599671;sever;countri;world;second;emerg;more;case;peopl;new;nation;number;period;origin;major;
10419638455288387263;last;centuri;urban;understand;trend;growth;possibl;main;process;popul;town;second;central;part;citi;use;data;french;function;area;spatial;framework;result;measur;same;definit;scale;urban area;differ;accord;way;
17941305049400049936;paper;role;polici;area;intern;import;studi;field;natur;interact;main;group;interest;use;region;chang;way;local;landscap;nation;increas;complex;order;practic;environ;integr;environment;author;understand;develop;geographi;
6763491264988098057;geograph;articl;issu;second;world;account;countri;territori;
10784863627257493276;question;model;spatial;mobil;case;level;region;countri;group;unit;exampl;commun;individu;specif;problem;mani;other;possibl;choic;understand;popul;system;period;time;result;framework;aim;differ;
17847688566383088484;research;urban;structur;complex;applic;approach;network;aim;characterist;level;system;paper;differ;context;european;citi;sustain;
726663096495224232;main;method;imag;analysi;urban;urban area;area;integr;zone;land;possibl;structur;dynam;differ;region;nation;
3868220131191595583;social;question;
17249401342651210826;nation;territori;articl;develop;area;map;new;differ;geograph;scale;local;global;role;state;
8169146318677742876;land;real;context;plan;model;imag;gener;framework;case;territori;
2309695677150489632;practic;evolut;role;land;use;environment;chang;studi;import;landscap;structur;spatial;continu;order;type;accord;dynam;result;gener;group;influenc;case;network;manag;
15052383585111522160;implement;industri;origin;space;develop;activ;urban;growth;new;citi;practic;represent;exist;social;group;particular;articl;process;
5437595076989925763;case;studi;differ;dynam;emerg;form;metropolitan;polici;
265640784521652114;paper;spatial;concept;work;analysi;main;polit;question;space;posit;other;central;
13681896154766201310;articl;concept;such;geographi;analysi;case;present;more;differ;possibl;method;type;way;use;world;mean;
16293764181797684110;local;spatial;
7841555414323198880;imag;studi;urban;period;variou;level;geograph;area;differ;social;indic;popul;type;inform;land;surfac;map;distribut;field;plan;town;spatial;region;result;data;process;
11187980269061202513;
6018660907435103505;mani;countri;particular;main;estim;nation;level;gener;popul;sever;paper;present;methodolog;approach;map;spatial;simul;model;surfac;method;use;same;number;peopl;region;trend;applic;data;situat;
11419974393909109225;nation;level;increas;import;develop;local;commun;gener;work;particular;territori;govern;geograph;distribut;growth;approach;context;question;order;geographi;relev;french;factor;franc;dimens;differ;theori;econom;
4795716712207596441;origin;methodolog;build;data;base;urban;popul;unit;point;year;method;first;use;order;citi;town;limit;period;time;second;function;approach;possibl;differ;type;area;metropolitan;definit;sever;statist;surfac;such;map;pattern;global;last;centuri;growth;indic;other;research;result;major;
10816654763263520673;sever;french;way;public;transport;field;individu;territori;product;analysi;mani;work;understand;mobil;more;trend;state;such;inform;point;possibl;major;problem;spatial;context;
6105010055716599791;new;system;franc;scientif;commun;studi;present;state;possibl;time;way;interest;project;result;use;data;french;statist;situat;region;level;main;access;major;chang;type;
13600790356767114316;risk;increas;industri;popul;influenc;natur;geograph;climat;factor;approach;such;point;econom;social;
2361406351442265873;particular;emerg;geograph;model;studi;integr;territori;process;use;variou;method;approach;spatial;dimens;possibl;field;research;land;articl;state;
431657500073651820;year;polit;chang;govern;nation;result;polici;first;time;state;region;other;major;relationship;distanc;form;
715439892316662786;aim;articl;context;map;use;geograph;inform;system;field;differ;variou;first;polit;spatial;approach;franc;major;place;object;new;local;develop;analysi;situat;implement;point;time;space;data;type;author;sever;french;oper;knowledg;tool;order;locat;hand;other;
12061457621587351741;polit;issu;french;differ;scale;situat;continu;way;territori;network;project;intern;dimens;tool;relationship;point;
5566425853617779295;mani;household;mobil;urban;area;public;transport;local;term;observ;practic;set;project;spatial;articl;import;case;account;
11824805271819823025;geograph;inform;system;growth;number;databas;data;manag;new;larg;place;analysi;activ;spatial;properti;context;natur;tool;
4725445378217093438;paper;public;natur;time;space;analysi;number;other;observ;social;order;hand;imag;dynam;place;
7854834239303473548;sustain;develop;commun;state;form;new;relationship;number;question;geograph;point;manag;articl;first;context;activ;local;imag;natur;such;limit;role;econom;part;
10805606454998306419;social;commun;point;
16781310828629088044;
12348545536451399187;mani;way;data;world;particular;new;method;commun;map;inform;present;limit;implement;process;industri;paper;problem;exampl;distribut;
8187495921762826207;intern;countri;polit;activ;growth;import;region;european;practic;differ;part;develop;industri;
9219018101705137218;geograph;year;activ;french;citi;same;urban;public;geographi;franc;plan;possibl;inform;index;differ;scientif;particular;
2407575607614072506;citi;urban;develop;public;space;segreg;limit;peopl;access;context;particular;spatial;natur;plan;polici;product;environ;exist;paper;imag;practic;definit;social;relationship;
3741933751709278818;territori;analysi;area;risk;function;develop;approach;research;inform;system;metropolitan;articl;methodolog;
5217623711091031729;term;use;urban;project;environment;econom;object;franc;last;year;practic;peopl;point;sustain;articl;question;definit;new;context;differ;account;other;part;french;plan;
15268863110567359324;landscap;area;activ;aim;present;paper;knowledg;form;develop;use;main;mobil;situat;larg;major;role;indic;studi;research;
7058230387842150561;articl;theori;use;concept;term;distribut;group;geograph;space;spatial;model;possibl;measur;other;observ;import;differ;
1141603925218307431;last;year;natur;import;place;scientif;way;mani;studi;process;global;estim;differ;countri;world;approach;aim;paper;present;risk;social;econom;work;use;level;
13413317273949398303;paper;natur;space;market;aim;environment;plan;result;function;system;polit;differ;scale;territori;land;evolut;research;econom;import;landscap;influenc;order;
18367043577921244812;paper;geograph;model;framework;present;continu;concept;object;particular;citi;theori;context;complex;develop;urban;limit;result;
7920757286531280395;paper;urban;form;public;space;central;sever;indic;studi;data;aim;interact;represent;
7042025608361916404;major;paper;segreg;urban;structur;spatial;represent;such;project;model;simul;understand;product;space;dynam;influenc;individu;real;situat;work;research;analysi;context;system;order;implement;complex;process;level;emerg;household;place;accord;practic;type;residenti;choic;characterist;new;
6103178416482945666;model;geographi;more;centuri;year;space;use;gener;theori;paper;differ;problem;
5945312312975201648;use;research;new;issu;paper;main;data;base;indic;inform;scientif;social;emerg;access;polici;
2709446524504735906;
5504772423309734631;french;geograph;activ;world;paper;scientif;product;
17205346068943209239;paper;analysi;measur;valu;level;aim;understand;relationship;factor;differ;spatial;scale;time;water;region;result;pattern;area;local;particular;accord;account;variou;risk;
8131533183308076194;order;understand;complex;pattern;urban;chang;paper;studi;properti;valu;methodolog;characterist;hous;price;place;differ;geograph;level;citi;social;area;local;scale;context;time;continu;growth;spatial;dynam;first;result;such;mean;approach;analysi;signific;effect;model;gener;trend;accord;plan;polici;imag;hand;other;increas;
14546795381374140628;franc;activ;natur;model;spatial;scale;account;transport;complex;tool;decis;case;articl;local;applic;european;data;measur;
2757512955823220391;studi;global;citi;last;year;larg;urban;project;urban area;area;european;process;implement;activ;intern;polici;scale;region;part;issu;emerg;metropolitan;high;level;influenc;
10648402730705549299;region;franc;inform;structur;plan;land;unit;centuri;landscap;geograph;water;major;map;field;observ;situat;interest;specif;result;process;oper;
15987059420938837711;new;geographi;space;distanc;market;plan;system;tool;relationship;locat;choic;geograph;transport;
6672933765440529907;research;region;citi;part;place;territori;govern;specif;urban;spatial;growth;commun;access;land;properti;plan;activ;more;dynam;analysi;chang;nation;differ;
11462201490072276160;paper;cultur;polici;particular;european;citi;year;mani;larg;peopl;first;climat;more;countri;imag;econom;main;factor;market;intern;urban;histor;
5669502243970561965;complex;develop;observ;factor;citi;town;time;tool;econom;growth;issu;import;influenc;exampl;world;case;studi;
2313414304570711287;case;studi;territori;develop;water;problem;manag;differ;group;implement;local;scale;intern;
8533832621029150028;french;water;manag;particular;level;concept;way;territori;european;framework;
7516204158801455444;understand;urban;town;set;complex;object;system;approach;larg;time;relat;histor;level;space;function;social;use;locat;surfac;area;unit;product;process;type;spatial;environ;accord;model;continu;field;relationship;interact;chang;distribut;map;origin;possibl;same;way;valu;
2814133809655680498;paper;process;larg;geograph;intern;global;level;relev;indic;limit;order;question;analysi;relat;european;econom;region;first;part;more;import;second;measur;observ;other;term;real;countri;effect;evolut;europ;last;distribut;model;variabl;distanc;locat;polit;space;central;number;period;
325288563406547269;case;metropolitan;area;water;system;sustain;develop;econom;
2292141295975505763;differ;french;citi;region;way;set;local;author;new;urban;commun;market;origin;second;valu;place;context;real;more;question;imag;
14695141168506686219;such;way;mean;paper;sever;case;context;
14542487172399743305;activ;interact;natur;environ;space;understand;complex;methodolog;model;approach;simul;dynam;map;inform;use;manag;paper;
14913337109328807785;map;inform;data;use;model;theori;
4380710881689775640;paper;public;context;applic;studi;use;process;locat;new;system;signific;differ;level;more;such;way;result;problem;
12857852803652980169;present;approach;geograph;peopl;time;work;commun;territori;more;polit;articl;other;paper;
16729666788269459343;spatial;analysi;activ;question;data;mean;gener;product;geograph;such;object;applic;research;
336883715354745052;water;global;europ;properti;differ;franc;trend;framework;sustain;
14060212002214654885;inform;knowledg;industri;way;factor;structur;locat;region;data;properti;govern;interest;global;european;
10890934758125812156;studi;context;spatial;characterist;more;result;origin;articl;import;
8901103102403708534;project;area;world;properti;
1506238703486118209;franc;main;product;french;mani;popul;gener;chang;research;dynam;interact;activ;paper;data;field;result;spatial;analysi;potenti;
8027845339591312742;growth;zone;influenc;function;spatial;oper;town;larg;metropolitan;area;base;industri;other;new;land;market;product;system;increas;effect;global;process;territori;choic;project;transport;activ;set;space;countri;central;posit;chang;more;
5498814720413676438;aim;paper;decis;factor;practic;urban;urban area;area;access;origin;data;implement;geograph;inform;system;accord;work;high;use;analysi;other;mean;transport;role;structur;network;choic;level;local;spatial;variabl;
17296586076264187026;develop;network;manag;interest;geographi;particular;form;spatial;present;paper;distribut;effect;distanc;methodolog;databas;urban;system;model;intern;growth;
7462461922053662296;central;intern;exist;definit;state;territori;region;space;way;nation;new;area;other;emerg;question;origin;
4506354155082252990;state;build;citi;tool;chang;gener;particular;new;result;public;
4147316326371725738;cultur;new;natur;commun;area;zone;activ;question;relat;
11967300416017162112;urban;popul;indic;such;level;oper;citi;approach;other;water;analysi;function;possibl;point;system;
18207718465885799645;year;european;geograph;paper;first;gener;number;nation;chang;work;statist;analysi;spatial;data;model;inform;group;research;sever;other;such;
6929862748575598442;research;process;main;method;new;approach;complex;emerg;environ;order;aim;paper;present;histor;context;
12075273365978254220;field;data;land;use;map;area;year;result;estim;potenti;approach;region;statist;
10199110458698309396;role;land;manag;social;represent;landscap;order;concept;type;question;definit;base;result;differ;level;approach;relationship;import;econom;environment;valu;model;point;relev;group;indic;methodolog;use;geograph;inform;system;
12155051080341327437;centuri;geographi;influenc;differ;scientif;trend;social;practic;concept;landscap;evolut;geograph;approach;environ;term;origin;mean;time;role;author;particular;develop;analysi;
16103845066458186172;model;geographi;practic;influenc;research;mean;geograph;object;definit;use;structur;dynam;gener;understand;natur;
10173697780419783905;space;citi;term;urban;manag;popul;set;govern;way;project;accord;plan;level;
14496893494338490424;paper;urban;form;process;gener;such;system;point;new;area;growth;structur;central;develop;evolut;differ;land;locat;valu;period;continu;indic;
14913610833735315044;studi;process;growth;develop;locat;urban;space;part;landscap;spatial;pattern;understand;dynam;approach;scale;such;chang;paper;model;urban area;area;time;popul;environ;limit;specif;order;applic;citi;data;number;year;
4775727553274107503;geographi;research;interest;model;social;geograph;natur;studi;space;scale;relationship;first;represent;such;
10391060056115799216;aim;paper;decis;factor;mobil;urban;urban area;area;particular;transport;use;first;indic;second;origin;data;practic;implement;geograph;inform;system;level;other;hand;global;estim;choic;set;
15677838157539969624;region;field;integr;analysi;concept;such;natur;histor;growth;theori;paper;new;order;econom;polit;
11406227366386244827;paper;land;price;differ;citi;influenc;area;case;studi;model;specif;local;access;estim;result;spatial;structur;definit;type;data;potenti;tool;transport;
1971946305041432471;map;larg;public;inform;tool;polit;geograph;analysi;research;understand;articl;methodolog;possibl;geographi;knowledg;
1328359827195239025;research;french;geograph;work;indic;new;applic;
8634617883415583469;research;system;indic;territori;differ;project;sustain;develop;area;last;year;index;relat;environment;gener;question;number;order;relev;methodolog;public;limit;use;variabl;second;import;paper;result;factor;more;way;set;
7192111467843982782;level;risk;differ;inform;order;local;measur;properti;approach;spatial;such;case;dynam;process;data;surfac;global;product;area;relat;
14407312886767979975;articl;space;time;index;increas;area;way;
16368530886712426597;centuri;french;town;popul;object;sever;studi;origin;zone;period;inform;result;part;model;analysi;spatial;particular;
638738136820407465;natur;cultur;
2598266444088209003;
11532739560791309382;paper;interest;econom;transport;polici;first;part;articl;access;indic;theori;case;area;possibl;account;popul;analysi;approach;result;relev;tool;public;decis;
9088022647826696653;articl;way;scale;chang;process;year;first;develop;local;territori;nation;second;approach;social;relat;framework;
921096113408197273;paper;environ;citi;place;space;implement;econom;social;commun;function;individu;
7285174410870011339;spatial;zone;point;local;
6568652752834052302;paper;present;model;aim;simul;locat;dynam;concept;characterist;first;part;second;measur;
6099100937901000125;build;more;franc;hous;work;sustain;urban;develop;case;studi;articl;issu;new;present;specif;context;polici;limit;question;landscap;object;french;
11364106259946366162;evolut;urban;system;differ;second;state;central;place;theori;space;way;type;chang;popul;transport;network;mani;nation;region;order;result;
1190209351207877439;territori;context;network;peopl;function;relev;studi;sever;approach;differ;structur;analysi;pattern;risk;trend;spatial;dimens;research;method;account;result;question;central;new;methodolog;
13061179908815975182;industri;year;climat;product;possibl;specif;geographi;develop;new;relationship;urban;citi;area;
10547878247922295832;aim;paper;exampl;exist;group;environment;spatial;represent;natur;differ;real;space;valu;variou;mani;type;landscap;use;specif;geograph;popul;area;limit;local;complex;situat;land;new;pattern;urban;activ;
17681570550838716681;paper;data;studi;spatial;urban;land;locat;space;order;imag;differ;result;
18282409755244513541;articl;model;urban;dynam;geograph;field;place;analysi;accord;approach;first;result;area;mani;question;factor;account;new;exampl;use;tool;land;
1324168477576458496;territori;citi;econom;result;polit;interest;land;role;new;social;articl;polici;public;urban;develop;access;decis;govern;practic;central;author;way;nation;
15123552256290319445;order;area;last;zone;time;data;use;differ;index;studi;trend;analysi;land;increas;variabl;signific;locat;central;product;situat;environment;
15458138967781985577;paper;use;model;plan;develop;countri;sever;simul;interest;term;chang;locat;popul;transport;
16496572292154496094;first;scientif;map;geograph;role;work;nation;intern;other;mean;area;project;landscap;gener;
8185607216134939570;more;year;citi;europ;new;econom;system;integr;hand;period;other;process;such;global;network;analysi;area;world;differ;approach;central;influenc;term;number;posit;european;limit;
763284122662271347;analysi;distribut;case;first;number;build;year;period;time;characterist;use;spatial;network;scale;relev;valu;dimens;result;
7957893154842579025;
11176148863934252420;develop;structur;sustain;continu;gener;more;global;local;scale;larg;same;world;place;
10485423212840714788;franc;polici;framework;landscap;use;area;articl;public;effect;real;natur;tool;relev;industri;implement;urban;local;decis;manag;context;work;import;differ;environment;relat;land;place;region;plan;
4274620530945574307;studi;popul;level;aim;import;geograph;local;chang;distribut;factor;time;result;effect;order;main;differ;natur;trend;increas;
668349723855649886;major;urban;more;environ;europ;peopl;year;countri;world;urban area;area;effect;potenti;way;territori;analysi;understand;case;object;factor;geographi;
15749400924983258514;area;accord;level;household;more;paper;research;data;land;use;urban;citi;base;relationship;first;second;analysi;major;result;new;chang;
8230786906285369235;system;dynam;geographi;import;evolut;develop;geograph;inform;place;work;problem;urban;paper;growth;order;model;oper;interact;space;such;theori;level;urban area;area;citi;
3381007080750599109;gener;access;place;particular;hous;work;peopl;limit;urban;function;term;accord;aim;articl;first;time;use;exampl;mobil;system;simul;evolut;second;way;household;issu;locat;
9540758534282091359;framework;urban;public;author;citi;industri;territori;imag;articl;area;europ;econom;social;limit;cultur;
6300820884612989982;complex;system;model;more;use;new;approach;social;method;tool;dynam;interest;studi;environ;interact;emerg;form;paper;project;urban;possibl;understand;
9002525158599803143;time;public;space;social;cultur;interest;main;region;countri;valu;possibl;term;data;
11081962168973468706;oper;system;interest;develop;possibl;function;spatial;data;manag;set;statist;tool;inform;represent;analysi;interact;global;approach;differ;method;map;individu;other;factor;
3543726411124797958;map;more;territori;new;point;process;integr;space;first;nation;peopl;econom;industri;develop;region;period;larg;town;paper;year;issu;commun;context;govern;interest;
4200725332148778478;network;urban;citi;space;urban area;area;studi;structur;analysi;work;geograph;model;use;theori;inform;spatial;data;aim;properti;sever;effect;such;continu;central;real;implement;first;second;way;indic;result;specif;zone;main;
4891674481642080428;studi;area;applic;imag;surfac;differ;type;particular;plan;land;unit;map;estim;variou;high;level;
7418167336521628102;statist;data;social;other;base;map;use;geograph;inform;system;develop;year;articl;choic;product;scientif;point;present;histor;context;function;oper;method;analysi;public;effect;research;environ;relat;variou;cultur;
15806319440716242013;articl;system;other;land;use;plan;risk;manag;applic;such;
8908082973676945930;practic;model;citi;structur;french;geograph;scientif;commun;paper;way;geographi;research;question;product;analysi;urban;space;differ;accord;mani;studi;process;
14013234218877516721;zone;
788701614750100000;studi;spatial;evolut;more;centuri;polit;econom;territori;issu;analysi;area;scale;other;manag;chang;function;industri;develop;urban;influenc;major;year;first;point;space;last;growth;oper;citi;
11999781043046622935;develop;interact;dynam;increas;number;possibl;methodolog;articl;effect;approach;product;use;map;function;
14597142936576943032;mani;urban;polici;environment;cultur;develop;public;space;water;citi;order;differ;system;valu;
9936851728299795309;data;base;inform;french;geographi;region;world;
12453143329844175645;work;studi;urban;dynam;imag;process;area;last;region;first;countri;activ;order;distribut;pattern;spatial;method;way;analysi;
9879994355249747059;point;question;plan;issu;
16276926260691188890;spatial;structur;mobil;order;function;region;franc;urban;network;evolut;time;paper;residenti;data;more;complex;metropolitan;differ;other;area;household;
610105652313681098;question;
7114082863798299104;geograph;knowledg;field;scientif;geographi;gener;public;franc;model;world;more;point;develop;way;part;new;research;result;main;interest;specif;area;other;
7557464062512441007;studi;urban;approach;sever;region;unit;nation;system;process;major;popul;estim;term;differ;local;individu;citi;statist;polit;emerg;polici;plan;develop;other;countri;metropolitan;industri;market;town;model;mani;set;distribut;
15823513342291472863;commun;region;mani;environment;social;area;land;use;chang;process;industri;articl;spatial;simul;model;order;approach;network;knowledg;dynam;analysi;imag;
12459206369630702571;second;part;present;analysi;model;author;exampl;relat;more;household;order;term;environ;geograph;context;level;interact;method;first;
14743675914846933353;paper;public;world;develop;econom;choic;urban;data;set;way;geograph;measur;order;polit;work;nation;limit;use;metropolitan;
11173411281080623997;paper;new;way;statist;distribut;concept;mean;order;estim;histor;present;relationship;first;properti;choic;applic;spatial;develop;
9143876510912485044;mani;period;index;econom;present;function;new;
180283205582975557;govern;spatial;plan;sustain;develop;polici;concept;applic;territori;
17035373731287482133;aim;paper;geographi;risk;french;context;social;accord;geograph;area;factor;locat;choic;first;model;approach;posit;effect;local;level;second;exist;
12713085985839421615;paper;index;segreg;individu;space;spatial;context;citi;work;activ;social;differ;locat;valu;group;posit;practic;distribut;sever;other;
4391767111388594516;world;citi;cultur;present;question;interest;place;decis;territori;
16466859906157878904;term;spatial;analysi;number;potenti;mean;approach;present;work;inform;object;represent;high;level;understand;relationship;mani;time;research;interact;space;theori;part;problem;chang;possibl;type;network;implement;particular;
17948322562173069899;environ;use;imag;studi;system;structur;natur;
17495142995204539687;world;water;last;larg;natur;area;citi;variou;activ;interest;urban;result;environment;local;manag;import;space;issu;relev;centuri;possibl;develop;environ;oper;complex;region;context;
7556964817653960964;field;observ;analysi;develop;activ;structur;
6698018902174056282;last;year;import;area;spatial;pattern;variou;indic;structur;interact;place;studi;access;field;unit;natur;scale;observ;space;second;approach;differ;dynam;larg;increas;practic;work;relationship;
2582745968531989864;first;geograph;franc;knowledg;public;mani;year;account;activ;use;inform;time;french;larg;interest;other;european;new;geographi;exist;
3634010930726664160;town;countri;plan;polici;franc;main;emerg;polit;chang;context;aim;nation;scale;first;point;question;year;govern;industri;continu;work;territori;develop;activ;place;problem;field;same;time;group;exist;other;part;last;studi;scientif;role;second;urban;hous;
3909970800908713465;base;social;
10533050216933093708;relationship;space;build;valu;place;order;differ;context;emerg;mean;group;individu;such;way;exampl;paper;public;author;econom;
3331299383410697009;french;govern;interest;implement;risk;plan;polici;urban;case;complex;issu;econom;polit;environment;peopl;result;new;public;author;year;hous;manag;franc;
14020460178108510693;index;first;method;characterist;mani;indic;author;such;relev;base;approach;new;simul;tool;interest;result;spatial;local;scale;global;observ;order;network;structur;point;valu;
4944003448985227971;territori;valu;citi;represent;urban;space;variou;oper;imag;project;methodolog;polit;
1671725978512492624;articl;geograph;analysi;result;first;franc;map;scale;time;year;main;polit;same;
6980804343210013848;place;space;same;time;part;work;world;more;centuri;public;continu;state;cultur;polici;product;scientif;posit;global;process;other;
7496302056405799736;continu;
11993946615169947731;paper;chang;pattern;urban;area;data;distanc;relat;peopl;town;popul;citi;use;result;potenti;exist;spatial;
5435787132338316709;system;indic;decis;polici;account;case;spatial;territori;space;time;data;more;structur;area;zone;other;level;index;use;set;mobil;dimens;local;interact;such;access;region;
16356186711231100518;urban;world;differ;number;build;environ;framework;result;way;franc;cultur;polici;process;interest;
10489437845926823908;mani;model;dynam;approach;method;new;
15903005085125932790;interact;model;potenti;social;order;relationship;dimens;popul;type;locat;space;characterist;applic;such;product;urban;use;integr;develop;trend;year;case;import;account;studi;area;spatial;inform;other;environ;urban area;natur;decis;approach;possibl;differ;variou;statist;method;result;imag;surfac;specif;region;accord;citi;time;analysi;chang;dynam;process;first;second;data;knowledg;environment;plan;point;
17314289872160605504;other;chang;context;residenti;develop;characterist;new;spatial;order;commun;type;main;articl;part;metropolitan;area;such;high;inform;role;local;place;build;differ;process;dimens;factor;interact;import;emerg;structur;major;popul;real;increas;state;hand;mani;urban;social;
13279040681141958098;social;geograph;space;articl;mobil;practic;issu;citi;area;context;larg;high;level;use;public;transport;household;result;choic;distanc;origin;
2185150774874809556;project;franc;french;way;approach;observ;
4730054450676690259;analysi;geograph;approach;articl;centuri;
7210107172500808850;particular;context;geograph;continu;space;first;social;structur;influenc;measur;place;other;method;index;use;map;exist;more;time;spatial;scale;chang;import;develop;
18360624767748191644;articl;analysi;studi;relationship;differ;context;geograph;distribut;issu;relev;factor;influenc;choic;zone;specif;set;use;method;problem;first;time;number;result;signific;second;paper;spatial;possibl;group;level;methodolog;more;point;popul;new;question;understand;complex;plan;
2309329111949234381;spatial;object;main;problem;map;second;order;import;natur;last;represent;dimens;differ;
6764896077268036453;
16506573154087321340;water;characterist;accord;french;mean;other;indic;manag;period;differ;paper;definit;
3460133745660758914;paper;intern;geograph;influenc;type;hand;other;work;citi;evolut;tool;research;geographi;
2246124274659537904;new;approach;model;dynam;spatial;build;transport;network;urban;variou;function;relationship;accord;
1898218050822683980;develop;countri;high;scale;data;individu;hous;use;manag;project;imag;spatial;new;method;place;
7582614944283045405;environment;social;sustain;water;town;tool;dimens;
2929386458535285570;space;geograph;interest;individu;place;term;studi;accord;variou;dimens;relev;specif;set;paper;applic;data;use;
11254389379718810919;paper;interact;data;origin;state;exist;main;characterist;last;applic;use;
17731127396440963477;present;research;urban;citi;area;exampl;complex;structur;dynam;process;growth;method;estim;dimens;valu;indic;landscap;applic;import;chang;spatial;
7229278094490541409;research;sustain;dynam;system;model;variabl;result;effect;level;distribut;growth;histor;specif;area;
16988925411953661149;studi;function;evolut;european;polit;increas;number;paper;spatial;practic;first;french;region;differ;factor;growth;process;major;
16227407154540161445;sever;articl;concept;nation;imag;territori;represent;new;map;polit;public;differ;dimens;definit;
14742108451918218311;paper;present;research;concept;central;locat;estim;use;mean;statist;sever;data;spatial;analysi;process;such;relat;valu;
15307835239789861955;way;use;map;approach;chang;origin;paper;present;main;characterist;function;import;complex;product;process;work;differ;field;such;concept;result;
2221625818015028354;paper;main;approach;model;simul;process;geograph;space;such;possibl;theori;level;result;mani;interact;more;tool;analysi;dynam;system;exampl;applic;
12549443559144549272;franc;new;geographi;work;definit;public;territori;question;geograph;high;last;analysi;
6870832673396774473;urban;system;analysi;relat;citi;second;increas;region;
9081606597072342538;paper;econom;segreg;measur;theori;distanc;definit;framework;urban;geograph;citi;use;data;popul;applic;order;concept;major;point;gener;approach;result;
17750080139229482016;first;french;region;geographi;geograph;studi;articl;work;other;question;relev;approach;author;way;field;knowledg;structur;
7931541470205318673;french;territori;sever;global;first;differ;natur;characterist;role;high;area;risk;factor;effect;time;space;level;develop;specif;econom;land;result;practic;manag;process;knowledg;decis;nation;polit;
