"use geograph inform","GIS"
"vgi","GIS"
"rectal","GIS"
"inform scienc","GIS"
"citizen scienc","GIS"
"geospati inform","GIS"
"spatial decis support system","GIS"
"osm","GIS"
"k-mean","GIS"
"inform system","GIS"
"contributor","GIS"
"geograph inform vgi","GIS"
"support system","GIS"
"volunt geograph inform","GIS"
"use geograph inform system","GIS"
"geograph inform","GIS"
"spatial decis","GIS"
"partit","GIS"
"use geograph","GIS"
"anatom","GIS"
"geograph inform system gi","GIS"
"spatial decis support","GIS"
"gi","GIS"
"rectum","GIS"
"geograph inform scienc","GIS"
"system gi","GIS"
"citizen","GIS"
"dataset","GIS"
"inform vgi","GIS"
"geograph inform system","GIS"
"lesion","GIS"
"k-mean cluster","GIS"
"volunt geograph","GIS"
"anatom featur","GIS"
"inform system gi","GIS"
"openstreetmap","GIS"
"decis support","GIS"
"cluster algorithm","GIS"
"geospati","GIS"
"volunt","GIS"
"spatial data","GIS"
"decis support system","GIS"
"clinic","GIS"
"scientist","GIS"
"household incom","socio-economic"
"increas return","socio-economic"
"urban region","socio-economic"
"incid rate","socio-economic"
"mortal data","socio-economic"
"share common","socio-economic"
"wage","socio-economic"
"unemploy","socio-economic"
"gentrifi","socio-economic"
"larg metropolitan area","socio-economic"
"czech","socio-economic"
"incom growth","socio-economic"
"husband","socio-economic"
"allevi","socio-economic"
"residenti area","socio-economic"
"socio-demograph","socio-economic"
"socioeconom statu","socio-economic"
"justic system","socio-economic"
"resid live","socio-economic"
"black-whit","socio-economic"
"labor market","socio-economic"
"individual-level","socio-economic"
"percentag","socio-economic"
"occup","socio-economic"
"poor","socio-economic"
"men","socio-economic"
"statu se","socio-economic"
"earn","socio-economic"
"cation","socio-economic"
"depriv","socio-economic"
"mortal","socio-economic"
"justic","socio-economic"
"poverti allevi","socio-economic"
"crimin justic","socio-economic"
"migrat","socio-economic"
"demand","socio-economic"
"larger","socio-economic"
"job","socio-economic"
"disabl","socio-economic"
"household","socio-economic"
"happi","socio-economic"
"labour market","socio-economic"
"residenti","socio-economic"
"commut","socio-economic"
"censu","socio-economic"
"migrant","socio-economic"
"live","socio-economic"
"human capit","socio-economic"
"unemploy rate","socio-economic"
"real","socio-economic"
"hypothesi","socio-economic"
"labour","socio-economic"
"czech republ","socio-economic"
"neg","socio-economic"
"metropolitan","socio-economic"
"black","socio-economic"
"cancer","socio-economic"
"suicid","socio-economic"
"republ","socio-economic"
"suppli","socio-economic"
"larg metropolitan","socio-economic"
"inequ","socio-economic"
"equilibrium","socio-economic"
"panel","socio-economic"
"polycentr","socio-economic"
"caus","socio-economic"
"socioeconom","socio-economic"
"worker","socio-economic"
"se","socio-economic"
"neighbourhood","socio-economic"
"poverti","socio-economic"
"agglomer","socio-economic"
"labor","socio-economic"
"incom","socio-economic"
"famili","socio-economic"
"inflat","socio-economic"
"tbe","socio-economic"
"gentrif","socio-economic"
"welfar","socio-economic"
"sector","socio-economic"
"gap","socio-economic"
"well-b","socio-economic"
"immigr","socio-economic"
"dispar","socio-economic"
"compens","socio-economic"
"crime","socio-economic"
"provinc","socio-economic"
"metropolitan area","socio-economic"
"adjust","socio-economic"
"crimin","socio-economic"
"socioeconom statu se","socio-economic"
"less","socio-economic"
"resid","socio-economic"
"incid","socio-economic"
"gender","socio-economic"
"segreg","socio-economic"
"manufactur","socio-economic"
"statu","socio-economic"
"tract","socio-economic"
"outcom","socio-economic"
"pay","socio-economic"
"children","socio-economic"
"premium","socio-economic"
"share","socio-economic"
"preval","socio-economic"
"skill","socio-economic"
"differenti","socio-economic"
"white","socio-economic"
"return","socio-economic"
"women","socio-economic"
"ethnic","socio-economic"
"percent","socio-economic"
"agricultur polici","agriculture"
"grow season","agriculture"
"ecolog nich model","agriculture"
"rice","agriculture"
"intak","agriculture"
"legum","agriculture"
"agri-environment","agriculture"
"bioenergi","agriculture"
"phenolog","agriculture"
"renew","agriculture"
"farm","agriculture"
"suitabl","agriculture"
"anim","agriculture"
"forag","agriculture"
"farmer","agriculture"
"paddi","agriculture"
"nich","agriculture"
"date","agriculture"
"cultiv","agriculture"
"varieti","agriculture"
"fruit","agriculture"
"adolesc","agriculture"
"diet","agriculture"
"grow","agriculture"
"yield","agriculture"
"crop","agriculture"
"end","agriculture"
"nich model","agriculture"
"spring","agriculture"
"irrig","agriculture"
"ndvi","agriculture"
"intercrop","agriculture"
"ecolog nich","agriculture"
"meal","agriculture"
"feed","agriculture"
"pesticid","agriculture"
"consumpt","agriculture"
"dietari","agriculture"
"day","agriculture"
"fat","agriculture"
"leaf","agriculture"
"gameplay","health"
"heat island effect","health"
"spatial access","health"
"care system","health"
"biogeographi","health"
"recreat facil","health"
"exercis","health"
"recoveri","health"
"death","health"
"u.s.","health"
"descript","health"
"analysi use","health"
"green","health"
"cold","health"
"health care system","health"
"access health","health"
"biogeograph","health"
"island","health"
"blood","health"
"physic activ","health"
"facil","health"
"heat","health"
"health servic","health"
"heart","health"
"care","health"
"game","health"
"spss","health"
"cours","health"
"analysi varianc","health"
"heat island","health"
"walk","health"
"island effect","health"
"health care","health"
"heart rate","health"
"recreat","health"
"valid","health"
"bodi","health"
"urban heat","health"
"dialogu","communication/politics"
"collabor research","communication/politics"
"controversi","communication/politics"
"music","communication/politics"
"manag option","communication/politics"
"multiresolut","communication/politics"
"technolog diffus","communication/politics"
"participants’","communication/politics"
"sens technolog","communication/politics"
"polit economi","communication/politics"
"undergradu student","communication/politics"
"place ident","communication/politics"
"participatori","communication/politics"
"judgement","communication/politics"
"fabric","communication/politics"
"organiz structur","communication/politics"
"turn’","communication/politics"
"use remot","communication/politics"
"use insight","communication/politics"
"ideolog","communication/politics"
"televis","communication/politics"
"vote behavior","communication/politics"
"domin factor","communication/politics"
"leadership","communication/politics"
"profession develop","communication/politics"
"creat","communication/politics"
"compani","communication/politics"
"train","communication/politics"
"video","communication/politics"
"insight","communication/politics"
"scene","communication/politics"
"audio","communication/politics"
"piec","communication/politics"
"profession","communication/politics"
"teacher","communication/politics"
"aesthet","communication/politics"
"critiqu","communication/politics"
"popular music","communication/politics"
"synthesi","communication/politics"
"rap music","communication/politics"
"undergradu","communication/politics"
"american","communication/politics"
"toward","communication/politics"
"michael","communication/politics"
"convers","communication/politics"
"narr","communication/politics"
"parti","communication/politics"
"voic","communication/politics"
"school","communication/politics"
"case studi","communication/politics"
"qualit","communication/politics"
"sociolog","communication/politics"
"remot sens","communication/politics"
"principl","communication/politics"
"sound","communication/politics"
"architectur","communication/politics"
"explor","communication/politics"
"expert","communication/politics"
"debat","communication/politics"
"tast","communication/politics"
"radio","communication/politics"
"reform","communication/politics"
"pictur","communication/politics"
"hip-hop","communication/politics"
"news","communication/politics"
"action research","communication/politics"
"chapter","communication/politics"
"andrew","communication/politics"
"vulner","communication/politics"
"participatori action","communication/politics"
"discours","communication/politics"
"participatori plan","communication/politics"
"collabor","communication/politics"
"villag","communication/politics"
"scientif","communication/politics"
"listen","communication/politics"
"theme","communication/politics"
"haptic","communication/politics"
"legisl","communication/politics"
"formal","communication/politics"
"decis make","communication/politics"
"resili","communication/politics"
"actor","communication/politics"
"team","communication/politics"
"vote","communication/politics"
"racial","communication/politics"
"act","communication/politics"
"content","communication/politics"
"candid","communication/politics"
"section","communication/politics"
"play","communication/politics"
"link","communication/politics"
"sens","communication/politics"
"place attach","communication/politics"
"david","communication/politics"
"regard","communication/politics"
"soundscap","communication/politics"
"real-tim","communication/politics"
"notion","communication/politics"
"opportun","communication/politics"
"social learn","communication/politics"
"goal","communication/politics"
"ethic","communication/politics"
"geographi","communication/politics"
"concert","communication/politics"
"media","communication/politics"
"creation","communication/politics"
"attach","communication/politics"
"engag","communication/politics"
"sonic","communication/politics"
"interpret","communication/politics"
"identifi","communication/politics"
"promot","communication/politics"
"pure","communication/politics"
"contemporari","communication/politics"
"coal","communication/politics"
"idea","communication/politics"
"appropri","communication/politics"
"inclus","communication/politics"
"ref","communication/politics"
"studio","communication/politics"
"organiz","communication/politics"
"capac","communication/politics"
"natur resourc","communication/politics"
"produc","communication/politics"
"livelihood","communication/politics"
"criteria","communication/politics"
"remot","communication/politics"
"electron","communication/politics"
"musician","communication/politics"
"compos","communication/politics"
"member","communication/politics"
"own","communication/politics"
"record","communication/politics"
"auditori","communication/politics"
"technic","communication/politics"
"indigen","communication/politics"
"argument","communication/politics"
"organis","communication/politics"
"empower","communication/politics"
"young","communication/politics"
"move","communication/politics"
"facilit","communication/politics"
"urban fabric","communication/politics"
"corpor","communication/politics"
"interview","communication/politics"
"aim","communication/politics"
"use remot sens","communication/politics"
"argu","communication/politics"
"delib","communication/politics"
"intervent","communication/politics"
"conflict","communication/politics"
"social network","communication/politics"
"stakehold","communication/politics"
"peter","communication/politics"
"neoliber","communication/politics"
"attempt","communication/politics"
"therapi","communication/politics"
"modern","communication/politics"
"popular","communication/politics"
"democrat","communication/politics"
"shift","communication/politics"
"elect","communication/politics"
"univers","communication/politics"
"lyric","communication/politics"
"broadcast","communication/politics"
"speech","communication/politics"
"film","communication/politics"
"liber","communication/politics"
"natur resourc manag","communication/politics"
"genr","communication/politics"
"democraci","communication/politics"
"intellig","communication/politics"
"acoust","communication/politics"
"local commun","communication/politics"
"report","communication/politics"
"civil","communication/politics"
"transform","communication/politics"
"focus","communication/politics"
"diffus","communication/politics"
"style","communication/politics"
"student","communication/politics"
"how","communication/politics"
"advertis","communication/politics"
"commerci","communication/politics"
"player","communication/politics"
"prefer","communication/politics"
"artist","communication/politics"
"participatori process","communication/politics"
"instrument","communication/politics"
"certain","communication/politics"
"consider","communication/politics"
"constitu","communication/politics"
"recognit","communication/politics"
"participatori research","communication/politics"
"emot","communication/politics"
"partnership","communication/politics"
"paul","communication/politics"
"voter","communication/politics"
"attitud","communication/politics"
"domin","communication/politics"
"fan","communication/politics"
"public particip","communication/politics"
"involv","communication/politics"
"ident","communication/politics"
"rilm","communication/politics"
"community-bas","communication/politics"
"focu","communication/politics"
"reflect","communication/politics"
"decision-mak","communication/politics"
"option","communication/politics"
"repres","communication/politics"
"draw","communication/politics"
"new york","communication/politics"
"final","communication/politics"
"participatori approach","communication/politics"
"moral","communication/politics"
"background","communication/politics"
"claim","communication/politics"
"agenc","communication/politics"
"audienc","communication/politics"
"mark","communication/politics"
"everyday","communication/politics"
"youth","communication/politics"
"popular cultur","communication/politics"
"rap","communication/politics"
"purpos","communication/politics"
"resourc manag","communication/politics"
"lack","communication/politics"
"song","communication/politics"
"danc","communication/politics"
"hip","communication/politics"
"art","communication/politics"
"york","communication/politics"
"lead","communication/politics"
"leader","communication/politics"
"dna","biology"
"antivir","biology"
"spectrum","biology"
"microarray data","biology"
"microsatellit loci","biology"
"unmix","biology"
"rrna gene","biology"
"infect","biology"
"phylogenet","biology"
"loci","biology"
"evolutionari","biology"
"nuclear","biology"
"taxa","biology"
"gene","biology"
"tissu","biology"
"broad","biology"
"genotyp","biology"
"frequenc","biology"
"strain","biology"
"protein","biology"
"sequenc","biology"
"pcr","biology"
"express","biology"
"lineag","biology"
"endmemb","biology"
"code","biology"
"polymorph","biology"
"gene flow","biology"
"dna sequenc","biology"
"pixel","biology"
"disord","biology"
"primer","biology"
"hybrid","biology"
"mitochondri","biology"
"transcript","biology"
"viru","biology"
"methyl","biology"
"spectral","biology"
"identif","biology"
"gene express","biology"
"haplotyp","biology"
"allel","biology"
"genom","biology"
"microsatellit","biology"
"mtdna","biology"
"band","biology"
"microarray","biology"
"chromosom","biology"
"mitochondri dna","biology"
"burgdorferi","biology"
"match","biology"
"suggest","biology"
"genet divers","biology"
"microbi","biology"
"rrna","biology"
"tumor","biology"
"influenza","biology"
"molecular","biology"
"repair","biology"
"mutat","biology"
"bacteri","biology"
"genet","biology"
"marker","biology"
"isol","biology"
"cell","biology"
"singl","biology"
"hyperspectr","biology"
"normal","biology"
"wide","biology"
"biolog","biology"
"rapd","biology"
"diverg","biology"
"more accur","spatial analysis"
"path analysi","spatial analysis"
"sampl size","spatial analysis"
"independ variabl","spatial analysis"
"new method","spatial analysis"
"aerial photographi","spatial analysis"
"fix","spatial analysis"
"misclassif","spatial analysis"
"random graph model","spatial analysis"
"cover type","spatial analysis"
"exponenti random graph","spatial analysis"
"intern law","spatial analysis"
"optim problem","spatial analysis"
"receiv oper","spatial analysis"
"split","spatial analysis"
"lane chang","spatial analysis"
"minimum convex","spatial analysis"
"geometr","spatial analysis"
"exact","spatial analysis"
"queue","spatial analysis"
"standard error","spatial analysis"
"home rang","spatial analysis"
"simpl","spatial analysis"
"receiv oper characterist","spatial analysis"
"length","spatial analysis"
"home","spatial analysis"
"auc","spatial analysis"
"minimum","spatial analysis"
"shape","spatial analysis"
"curv","spatial analysis"
"equat","spatial analysis"
"geometr properti","spatial analysis"
"roc","spatial analysis"
"intersect","spatial analysis"
"solv","spatial analysis"
"logist regress model","spatial analysis"
"logist","spatial analysis"
"lane","spatial analysis"
"prioriti","spatial analysis"
"exponenti","spatial analysis"
"vehicl","spatial analysis"
"accord","spatial analysis"
"permut","spatial analysis"
"graph","spatial analysis"
"optim","spatial analysis"
"signal","spatial analysis"
"experiment","spatial analysis"
"fix effect","spatial analysis"
"accur","spatial analysis"
"small sampl size","spatial analysis"
"summari","spatial analysis"
"volum","spatial analysis"
"path","spatial analysis"
"bootstrap","spatial analysis"
"regress model","spatial analysis"
"random","spatial analysis"
"detect","spatial analysis"
"convex polygon","spatial analysis"
"approxim","spatial analysis"
"refer","spatial analysis"
"solut","spatial analysis"
"error","spatial analysis"
"delay","spatial analysis"
"accuraci","spatial analysis"
"topolog","spatial analysis"
"convex","spatial analysis"
"random graph","spatial analysis"
"minimum convex polygon","spatial analysis"
"constraint","spatial analysis"
"infer","spatial analysis"
"precis","spatial analysis"
"node","spatial analysis"
"small sampl","spatial analysis"
"logist regress","spatial analysis"
"aerial","spatial analysis"
"law","spatial analysis"
"independ","spatial analysis"
"polygon","spatial analysis"
"graph model","spatial analysis"
"geometri","spatial analysis"
"receiv","spatial analysis"
"land cover type","spatial analysis"
"bia","spatial analysis"
"correspond","spatial analysis"
"photographi","spatial analysis"
"exchang rate","spatial analysis"
"oper characterist","spatial analysis"
"land cover","spatial analysis"
"depend variabl","spatial analysis"
"event-rel potenti","neuroscience"
"comput model","neuroscience"
"hemorrhag","neuroscience"
"hippocampu","neuroscience"
"softwar develop","neuroscience"
"increment","neuroscience"
"use time seri","neuroscience"
"extend","neuroscience"
"retrospect","neuroscience"
"memori task","neuroscience"
"corpu","neuroscience"
"oss","neuroscience"
"more detail","neuroscience"
"spatiotempor","neuroscience"
"conscious","neuroscience"
"trauma","neuroscience"
"neglect","neuroscience"
"spoken","neuroscience"
"domain-specif","neuroscience"
"qol","neuroscience"
"autobiograph","neuroscience"
"neuroimag studi","neuroscience"
"product line","neuroscience"
"past","neuroscience"
"self","neuroscience"
"erp","neuroscience"
"impair","neuroscience"
"qualiti life","neuroscience"
"brain","neuroscience"
"neural","neuroscience"
"softwar project","neuroscience"
"detail","neuroscience"
"prospect","neuroscience"
"line","neuroscience"
"phenomen","neuroscience"
"engin","neuroscience"
"traumat","neuroscience"
"injuri","neuroscience"
"neuron","neuroscience"
"tempor lobe","neuroscience"
"linguist","neuroscience"
"queri","neuroscience"
"dengu","neuroscience"
"semant","neuroscience"
"stroke","neuroscience"
"follow","neuroscience"
"spatiotempor pattern","neuroscience"
"requir","neuroscience"
"episod memori","neuroscience"
"semant memori","neuroscience"
"domain","neuroscience"
"mind","neuroscience"
"ontolog","neuroscience"
"languag","neuroscience"
"amnesia","neuroscience"
"ptsd","neuroscience"
"patient","neuroscience"
"lobe","neuroscience"
"softwar engin","neuroscience"
"seri","neuroscience"
"softwar product","neuroscience"
"consciou","neuroscience"
"neuroimag","neuroscience"
"recollect","neuroscience"
"cortex","neuroscience"
"agent-bas","neuroscience"
"hippocamp","neuroscience"
"episod","neuroscience"
"softwar","neuroscience"
"familiar","neuroscience"
"time seri","neuroscience"
"word","neuroscience"
"provid","neuroscience"
"autobiograph memori","neuroscience"
"retriev","neuroscience"
"medial tempor","neuroscience"
"medial","neuroscience"
"previou","neuroscience"
"text","neuroscience"
"databas","neuroscience"
"encod","neuroscience"
"propos","neuroscience"
"salienc","neuroscience"
"woodi","biogeography"
"deterior","biogeography"
"pastur","biogeography"
"differ speci","biogeography"
"cerrado","biogeography"
"fir","biogeography"
"vertebr","biogeography"
"land manag","biogeography"
"jaguar","biogeography"
"southeastern","biogeography"
"riparian","biogeography"
"dilut","biogeography"
"use plan","biogeography"
"crown","biogeography"
"establish new","biogeography"
"catalonia","biogeography"
"meadow","biogeography"
"landscap structur","biogeography"
"modif","biogeography"
"migratori bird","biogeography"
"alien speci","biogeography"
"littl research","biogeography"
"buffer","biogeography"
"flood manag","biogeography"
"higher proport","biogeography"
"flood risk manag","biogeography"
"river valley","biogeography"
"develop pattern","biogeography"
"brazilian","biogeography"
"plant commun","biogeography"
"biom","biogeography"
"tick","biogeography"
"consequ","biogeography"
"plot","biogeography"
"guild","biogeography"
"individu tree","biogeography"
"introduct","biogeography"
"riparian zone","biogeography"
"metric","biogeography"
"livestock","biogeography"
"flood risk","biogeography"
"discharg","biogeography"
"buffer zone","biogeography"
"loss","biogeography"
"aquat","biogeography"
"root","biogeography"
"terrestri","biogeography"
"ecoregion","biogeography"
"continu","biogeography"
"risk manag","biogeography"
"stand","biogeography"
"woodland","biogeography"
"reserv","biogeography"
"corridor","biogeography"
"primari","biogeography"
"grass","biogeography"
"geomorph","biogeography"
"alien","biogeography"
"transect","biogeography"
"catchment","biogeography"
"width","biogeography"
"speci rich","biogeography"
"littl","biogeography"
"contrast","biogeography"
"woodi debri","biogeography"
"biodivers","biogeography"
"water qualiti","biogeography"
"fire","biogeography"
"watersh","biogeography"
"bird","biogeography"
"woodi veget","biogeography"
"woodi plant","biogeography"
"stage","biogeography"
"fragment","biogeography"
"spatial scale","biogeography"
"plant speci","biogeography"
"zone","biogeography"
"riparian area","biogeography"
"alien plant","biogeography"
"nitrogen","biogeography"
"herbac","biogeography"
"treatment","biogeography"
"base","biogeography"
"macroinvertebr","biogeography"
"dispers","biogeography"
"fuel","biogeography"
"downstream","biogeography"
"denitrif","biogeography"
"land use plan","biogeography"
"grassland","biogeography"
"nutrient","biogeography"
"edg","biogeography"
"establish","biogeography"
"harvest","biogeography"
"asymmetri","biogeography"
"western","biogeography"
"protect","biogeography"
"surround","biogeography"
"assemblag","biogeography"
"alter","biogeography"
"landform","biogeography"
"usa","biogeography"
"few","biogeography"
"disturb","biogeography"
"open","biogeography"
"regim","biogeography"
"diamet","biogeography"
"invertebr","biogeography"
"biomass","biogeography"
"graze","biogeography"
"restor","biogeography"
"bank","biogeography"
"savanna","biogeography"
"environment variabl","biogeography"
"willow","biogeography"
"modifi","biogeography"
"migratori","biogeography"
"debri","biogeography"
"land-us","biogeography"
"stem","biogeography"
"cattl","biogeography"
"gradient","biogeography"
"seed","biogeography"
"height","biogeography"
"invas alien","biogeography"
"alluvi","biogeography"
"strip","biogeography"
"fish","biogeography"
"park","biogeography"
"predat","biogeography"
"fluvial","biogeography"
"invas","biogeography"
"shrub","biogeography"
"encroach","biogeography"
"woodi speci","biogeography"
"degrad","biogeography"
"floodplain","biogeography"
"riparian forest","biogeography"
"old","biogeography"
"flood","biogeography"
"biotic","biogeography"
"hydrolog","biogeography"
"ecosystem servic","biogeography"
"mammal","biogeography"
"retent","biogeography"
"input","biogeography"
"thin","biogeography"
"land use","biogeography"
"plantat","biogeography"
"eleph","biogeography"
"bridg","biogeography"
"nativ","biogeography"
"riparian veget","biogeography"
"deforest","biogeography"
"upland","biogeography"
"channel","biogeography"
"seagrass","biogeography"
"road","biogeography"
"groundwat","biogeography"
"dam","biogeography"
"wetland","biogeography"
"proport","biogeography"
"lake","biogeography"
"host","biogeography"
"stream","biogeography"
"plastic","biogeography"
"wood","biogeography"
"valley","biogeography"
"reach","biogeography"
"adjac","biogeography"
"canopi","biogeography"
"branch","biogeography"
"west africa","climate"
"data layer","climate"
"differ sourc","climate"
"monitor station","climate"
"modest","climate"
"secondari data","climate"
"oscil nao","climate"
"atmospher model","climate"
"assum","climate"
"spin","climate"
"shadow","climate"
"aerosol","climate"
"presence/abs","climate"
"tundra","climate"
"signific increas","climate"
"pm2.5","climate"
"small fraction","climate"
"atmospher co2","climate"
"budget","climate"
"scatter","climate"
"particl","climate"
"nucleat","climate"
"wet","climate"
"no2","climate"
"satellit","climate"
"arctic","climate"
"europ","climate"
"decreas","climate"
"month","climate"
"station","climate"
"mixtur","climate"
"hemispher","climate"
"airborn","climate"
"north","climate"
"uncertainti","climate"
"fraction","climate"
"monitor","climate"
"irradi","climate"
"west","climate"
"condens","climate"
"africa","climate"
"exposur","climate"
"imag spectroradiomet","climate"
"circul","climate"
"tropic","climate"
"ocean","climate"
"sourc region","climate"
"diurnal","climate"
"rainfal","climate"
"acid","climate"
"tropospher","climate"
"moder resolut imag","climate"
"carbon","climate"
"coars","climate"
"winter","climate"
"ambient","climate"
"miner dust","climate"
"agreement","climate"
"trajectori","climate"
"dust","climate"
"smoke","climate"
"angl","climate"
"co2","climate"
"rain","climate"
"ground-bas","climate"
"precipit","climate"
"ratio","climate"
"gase","climate"
"resolut imag","climate"
"northern hemispher","climate"
"meteorolog","climate"
"optic","climate"
"depth","climate"
"ga","climate"
"cloud","climate"
"mode","climate"
"modi","climate"
"moder resolut","climate"
"absorb","climate"
"combust","climate"
"particul","climate"
"matter","climate"
"calcul","climate"
"burn","climate"
"forc","climate"
"radi","climate"
"spectroradiomet","climate"
"convect","climate"
"chemistri","climate"
"sensit","climate"
"spruce","climate"
"dust event","climate"
"accumul","climate"
"indirect","climate"
"transport model","climate"
"emiss","climate"
"climat model","climate"
"cycl","climate"
"moder","climate"
"size distribut","climate"
"atmospher","climate"
"coeffici","climate"
"layer","climate"
"miner","climate"
"nitrat","climate"
"soa","climate"
"america","climate"
"so2","climate"
"anthropogen","climate"
"mass","climate"
"format","climate"
"vertic","climate"
"peak","climate"
"lidar","climate"
"co2 concentr","climate"
"saharan dust","climate"
"thick","climate"
"air","climate"
"optic depth","climate"
"radiat","climate"
"oscil","climate"
"humid","climate"
"northern","climate"
"probabl","climate"
"particl size","climate"
"dri","climate"
"warm","climate"
"character","climate"
"may","climate"
"greenhous","climate"
"aerosol optic","climate"
"plume","climate"
"secondari","climate"
"air mass","climate"
"air pollut","climate"
"biomass burn","climate"
"declin","climate"
"pollut","climate"
"air qualiti","climate"
"flux","climate"
"mix","climate"
"tom","climate"
"cool","climate"
"saharan","climate"
"boundari layer","climate"
"optic properti","climate"
"smaller","climate"
"climatolog","climate"
"light","climate"
"chemic","climate"
"presenc","climate"
"stratospher","climate"
"feedback","climate"
"east","climate"
"north atlant","climate"
"solubl","climate"
"summer","climate"
"indian","climate"
"load","climate"
"monthli","climate"
"radi forc","climate"
"sulphat","climate"
"iron","climate"
"phase","climate"
"aod","climate"
"wavelength","climate"
"absorpt","climate"
"comparison","climate"
"amount","climate"
"clear","climate"
"nao","climate"
"burden","climate"
"asia","climate"
"campaign","climate"
"super","climate"
"daili","climate"
"particul matter","climate"
"african","climate"
"earth’","climate"
"albedo","climate"
"trace","climate"
"atlant","climate"
"fine","climate"
"annual","climate"
"sulfat","climate"
"desert","climate"
"black carbon","climate"
"solar","climate"
"ozon","climate"
"pm10","climate"
"tau","climate"
"financi resourc","commerce"
"knowledg exchang","commerce"
"cross-bord","commerce"
"restaur","commerce"
"food store","commerce"
"hong","commerce"
"stock price","commerce"
"transact","commerce"
"franchis","commerce"
"mainland","commerce"
"chines","commerce"
"gain","commerce"
"exchang","commerce"
"partner","commerce"
"port","commerce"
"buyer","commerce"
"contract","commerce"
"version","commerce"
"kong","commerce"
"supermarket","commerce"
"entrepreneurship","commerce"
"store","commerce"
"border","commerce"
"negoti","commerce"
"financi","commerce"
"allianc","commerce"
"cooper","commerce"
"invest","commerce"
"logic","commerce"
"extern","commerce"
"strateg","commerce"
"stock","commerce"
"outbreak","commerce"
"consum","commerce"
"respiratori","commerce"
"price","commerce"
"hong kong","commerce"
"scheme","commerce"
"syndrom","commerce"
"asian","commerce"
"hedon","commerce"
"trust","commerce"
"hospit","commerce"
"busi","commerce"
"ownership","commerce"
"sar","commerce"
"sale","commerce"
"outlet","commerce"
"trade","commerce"
"acut","commerce"
"singapor","commerce"
"custom","commerce"
"rule","commerce"
"privat","commerce"
"e-commerc","commerce"
"transact cost","commerce"
"accret","physical geography"
"topographi","physical geography"
"accommod","physical geography"
"mediterranean sea","physical geography"
"pearl river","physical geography"
"mouth","physical geography"
"plate","physical geography"
"high-elev","physical geography"
"spit","physical geography"
"marin system","physical geography"
"bottom","physical geography"
"unit hydrograph","physical geography"
"crater","physical geography"
"influx","physical geography"
"instal","physical geography"
"sierra","physical geography"
"friction","physical geography"
"south coast","physical geography"
"geochem","physical geography"
"silic","physical geography"
"thailand","physical geography"
"sand","physical geography"
"belt","physical geography"
"hillslop","physical geography"
"sierra nevada","physical geography"
"river delta","physical geography"
"sea-level","physical geography"
"wave","physical geography"
"elev model","physical geography"
"rift","physical geography"
"geolog","physical geography"
"marin","physical geography"
"basin","physical geography"
"tourism","physical geography"
"sea-level rise","physical geography"
"studi area","physical geography"
"tecton","physical geography"
"boundari","physical geography"
"anomali","physical geography"
"deform","physical geography"
"fault","physical geography"
"relief","physical geography"
"topograph","physical geography"
"storm","physical geography"
"continent","physical geography"
"subduct","physical geography"
"estuari","physical geography"
"bedrock","physical geography"
"wind","physical geography"
"vari","physical geography"
"drought","physical geography"
"sea","physical geography"
"long-term","physical geography"
"tidal","physical geography"
"mediterranean","physical geography"
"subduct zone","physical geography"
"benthic","physical geography"
"geomorpholog","physical geography"
"digit elev","physical geography"
"digit elev model","physical geography"
"dune","physical geography"
"drainag","physical geography"
"inund","physical geography"
"margin","physical geography"
"dem","physical geography"
"marsh","physical geography"
"seismic","physical geography"
"quantit","physical geography"
"ice","physical geography"
"profil","physical geography"
"plateau","physical geography"
"weather","physical geography"
"rapid","physical geography"
"evolut","physical geography"
"pearl","physical geography"
"elev","physical geography"
"element","physical geography"
"segment","physical geography"
"beach","physical geography"
"morpholog","physical geography"
"uplift","physical geography"
"hydrograph","physical geography"
"numer","physical geography"
"terrain","physical geography"
"moistur","physical geography"
"shorelin","physical geography"
"denud","physical geography"
"coast","physical geography"
"mar","physical geography"
"deposit","physical geography"
"rock","physical geography"
"grid","physical geography"
"instantan","physical geography"
"radar","physical geography"
"tourist","physical geography"
"top","physical geography"
"ruptur","physical geography"
"crust","physical geography"
"srtm","physical geography"
"delta","physical geography"
"sea level","physical geography"
"digit","physical geography"
"eastern","physical geography"
"salt","physical geography"
"tsunami","physical geography"
"great","physical geography"
"rough","physical geography"
"incis","physical geography"
"mangrov","physical geography"
"southern","physical geography"
"thai","physical geography"
"eros","physical geography"
"ridg","physical geography"
"nevada","physical geography"
"mountain","physical geography"
"eros rate","physical geography"
"south","physical geography"
"soil moistur","physical geography"
"rise","physical geography"
"coastal","physical geography"
"motion","physical geography"
"slope","physical geography"
"runoff","physical geography"
"crustal","physical geography"
"salt marsh","physical geography"
"earthquak","physical geography"
"river basin","physical geography"
"sediment","physical geography"
